run_type,iteration_name,log_file,err_log_file,date,gpu,final_epoch,final_train_loss,final_val_loss,final_mean_dice,duration_min,status,notes
training,fresh_bnei_reem_i2,training/fresh_bnei_reem_i2/_fresh_bnei_reem_i2.log,training/fresh_bnei_reem_i2/_fresh_bnei_reem_i2_err.log,2026-06-30,,46,-0.5119,-0.5175,0.7346000075340271,,success,
training,fresh_bnei_reem_i3,training/fresh_bnei_reem_i3/_fresh_bnei_reem_i3.log,training/fresh_bnei_reem_i3/_fresh_bnei_reem_i3_err.log,2026-07-01,,27,-0.5455,-0.5406,32,,success,
training,fresh_bnei_reem_i3_lowlr,training/fresh_bnei_reem_i3_lowlr/_fresh_bnei_reem_i3_lowlr.log,training/fresh_bnei_reem_i3_lowlr/_fresh_bnei_reem_i3_lowlr_err.log,2026-07-02,,69,-0.5884,-0.5798,32,,success,
training,fresh_bnei_reem_i3_scratch,training/fresh_bnei_reem_i3_scratch/_fresh_bnei_reem_i3_scratch.log,training/fresh_bnei_reem_i3_scratch/_fresh_bnei_reem_i3_scratch_err.log,2026-07-05,,71,-0.3958,-0.3748,0.8537999987602234,,success,
training,fresh_bnei_reem_i4,training/fresh_bnei_reem_i4/_fresh_bnei_reem_i4.log,training/fresh_bnei_reem_i4/_fresh_bnei_reem_i4_err.log,2026-07-05,,87,-0.6153,-0.626,0.9735000133514404,,success,
training,mishmar_hnegev_scratch,training/mishmar_hnegev_scratch/_mishmar_hnegev_scratch.log,training/mishmar_hnegev_scratch/_mishmar_hnegev_scratch_err.log,2026-07-07,,,,,,,failed,
training,mishmar_hnegev_trained,training/mishmar_hnegev_trained/_mishmar_hnegev_trained.log,training/mishmar_hnegev_trained/_mishmar_hnegev_trained_err.log,2026-07-07,,,,,,,failed,
training,mishmar_psd,training/mishmar_psd/mishmar_psd.log,,2026-05-24,,,,,,,incomplete,
training,train_fresh_bnei_reem,training/train_fresh_bnei_reem/_train_fresh_bnei_reem.log,training/train_fresh_bnei_reem/_train_fresh_bnei_reem_err.log,2026-06-28,,166,-0.5237,-0.5158,32,,success,
training,train_iter4_continue_bnei_reem,training/train_iter4_continue_bnei_reem/_train_iter4_continue_bnei_reem.log,training/train_iter4_continue_bnei_reem/_train_iter4_continue_bnei_reem_err.log,2026-06-28,,44,-0.7545,-0.7723,32,,success,
inference,fresh_inference_napari,inference/fresh_inference_napari/_fresh_inference_napari.log,inference/fresh_inference_napari/_fresh_inference_napari_err.log,2026-06-29,,,,,,,success,
inference,i4_inference,inference/i4_inference/_i4_inference.log,inference/i4_inference/_i4_inference_err.log,2026-07-06,,,,,,,success,
inference,inference,inference/inference/_inference_log.txt,inference/inference/_inference_err.txt,2026-06-21,,,,,,,success,
inference,inference_nlm,inference/inference_nlm/_inference_nlm_log.txt,inference/inference_nlm/_inference_nlm_err.txt,2026-06-22,,,,,,,success,
inference,iter03_inference,inference/iter03_inference/_iter03_inference.log,inference/iter03_inference/_iter03_inference_err.log,2026-06-23,,,,,,,success,
inference,iter03_run4,inference/iter03_run4/_iter03_run4.log,inference/iter03_run4/_iter03_run4_err.log,2026-06-23,,,,,,,success,
inference,iter03_run5,inference/iter03_run5/_iter03_run5.log,inference/iter03_run5/_iter03_run5_err.log,2026-06-23,,6,-0.4723,-0.569,0.42640000581741333,,failed,
inference,iter04_continue_inference,inference/iter04_continue_inference/_iter04_continue_inference.log,inference/iter04_continue_inference/_iter04_continue_inference_err.log,2026-06-28,,,,,,,success,
inference,iter04_run1,inference/iter04_run1/_iter04_run1.log,inference/iter04_run1/_iter04_run1_err.log,2026-06-23,,,,,,,failed,
inference,iter04_run2,inference/iter04_run2/_iter04_run2.log,inference/iter04_run2/_iter04_run2_err.log,2026-06-23,,64,-0.7972,-0.8089,0.9492999911308289,,success,
inference,make_ann_log,inference/make_ann_log/_make_ann_log.txt,inference/make_ann_log/_make_ann_err.txt,2026-06-22,,,,,,,success,
inference,make_synopsis_i3,inference/make_synopsis_i3/_make_synopsis_i3.log,inference/make_synopsis_i3/_make_synopsis_i3_err.log,2026-07-02,,,,,,,success,
inference,make_synopsis_i4,inference/make_synopsis_i4/_make_synopsis_i4.log,inference/make_synopsis_i4/_make_synopsis_i4_err.log,2026-07-07,,,,,,,success,
inference,scratch_inference,inference/scratch_inference/_scratch_inference.log,inference/scratch_inference/_scratch_inference_err.log,2026-07-06,,,,,,,success,
inference,seg_plausibility_i3_scratch_run,inference/seg_plausibility_i3_scratch_run/_seg_plausibility_i3_scratch_run.log,,2026-07-07,,,,,,,success,
inference,seg_plausibility_i4_run,inference/seg_plausibility_i4_run/_seg_plausibility_i4_run.log,,2026-07-06,,,,,,,success,
inference,seg_plausibility_i4_run_gpu,inference/seg_plausibility_i4_run_gpu/_seg_plausibility_i4_run_gpu.log,,2026-07-06,,,,,,,success,
napari,mishmar_microSAM,napari/mishmar_microSAM/_napari_mishmar_microSAM_log.txt,napari/mishmar_microSAM/_napari_mishmar_microSAM_err.txt,2026-07-08,,,,,,,success,
napari,nlm,napari/nlm/_napari_nlm_log.txt,napari/nlm/_napari_nlm_err.txt,2026-06-22,,,,,,,success,
napari,nlm_iter04,napari/nlm_iter04/_napari_nlm_iter04_log.txt,napari/nlm_iter04/_napari_nlm_iter04_err.txt,2026-06-23,,,,,,,success,
napari,nlm_iter04_continue,napari/nlm_iter04_continue/_napari_nlm_iter04_continue_log.txt,napari/nlm_iter04_continue/_napari_nlm_iter04_continue_err.txt,2026-06-29,,,,,,,success,
napari,nlm_microSAM,napari/nlm_microSAM/_napari_nlm_microSAM_log.txt,napari/nlm_microSAM/_napari_nlm_microSAM_err.txt,2026-06-30,,,,,,,success,
napari,seg_plausibility_i3_scratch,napari/seg_plausibility_i3_scratch/_napari_seg_plausibility_i3_scratch_log.txt,,2026-07-07,,,,,,,empty,
napari,seg_plausibility_i4,napari/seg_plausibility_i4/_napari_seg_plausibility_i4_log.txt,,2026-07-07,,,,,,,success,
napari,seg_plausibility_i4,napari/seg_plausibility_i4/_napari_seg_plausibility_i4_log2.txt,,2026-07-07,,,,,,,success,
napari,seg_plausibility_i4,napari/seg_plausibility_i4/_napari_seg_plausibility_i4_log3.txt,,2026-07-07,,,,,,,success,
