soil,specimen,input_path,pore_label,cube_index,origin_xyz,cube_size,axis,porosity,spanning,phase,status,tortuosity,runtime_s,message,solver_settings
Vertisol,bnei_reem_specA_unified,E:\PROJECTS\Yael_Mishael\Rony\remote_computer backup\nnUNet_resources\bnei_reem_specA_unified\inference_concatenated\bnei_reem_specA_unified.nii.gz,5,0,"25,25,25",200,0,0.130121,y,original,ok,9.461409436083036,55.26464680000208,,"porespy3.0.4 tortuosity_fd default: openpnm3.6.3 PyamgRugeStubenSolver(tol=1e-8,maxiter=1000)"
Vertisol,bnei_reem_specA_unified,E:\PROJECTS\Yael_Mishael\Rony\remote_computer backup\nnUNet_resources\bnei_reem_specA_unified\inference_concatenated\bnei_reem_specA_unified.nii.gz,5,0,"25,25,25",200,1,0.130121,y,original,ok,6.492933155027025,43.681203899905086,,"porespy3.0.4 tortuosity_fd default: openpnm3.6.3 PyamgRugeStubenSolver(tol=1e-8,maxiter=1000)"
Vertisol,bnei_reem_specA_unified,E:\PROJECTS\Yael_Mishael\Rony\remote_computer backup\nnUNet_resources\bnei_reem_specA_unified\inference_concatenated\bnei_reem_specA_unified.nii.gz,5,0,"25,25,25",200,2,0.130121,y,original,ok,162.02435745405907,69.87829469982535,,"porespy3.0.4 tortuosity_fd default: openpnm3.6.3 PyamgRugeStubenSolver(tol=1e-8,maxiter=1000)"
Vertisol,bnei_reem_specA_unified,E:\PROJECTS\Yael_Mishael\Rony\remote_computer backup\nnUNet_resources\bnei_reem_specA_unified\inference_concatenated\bnei_reem_specA_unified.nii.gz,5,1,"25,225,225",200,0,0.14308325,y,original,ok,24.494712988393587,94.68518029991537,,"porespy3.0.4 tortuosity_fd default: openpnm3.6.3 PyamgRugeStubenSolver(tol=1e-8,maxiter=1000)"
Vertisol,bnei_reem_specA_unified,E:\PROJECTS\Yael_Mishael\Rony\remote_computer backup\nnUNet_resources\bnei_reem_specA_unified\inference_concatenated\bnei_reem_specA_unified.nii.gz,5,1,"25,225,225",200,1,0.14308325,y,original,ok,32.872604406265204,73.22267579985783,,"porespy3.0.4 tortuosity_fd default: openpnm3.6.3 PyamgRugeStubenSolver(tol=1e-8,maxiter=1000)"
Vertisol,bnei_reem_specA_unified,E:\PROJECTS\Yael_Mishael\Rony\remote_computer backup\nnUNet_resources\bnei_reem_specA_unified\inference_concatenated\bnei_reem_specA_unified.nii.gz,5,1,"25,225,225",200,2,0.14308325,y,original,ok,6.878939668223381,84.45043700002134,,"porespy3.0.4 tortuosity_fd default: openpnm3.6.3 PyamgRugeStubenSolver(tol=1e-8,maxiter=1000)"
Vertisol,bnei_reem_specA_unified,E:\PROJECTS\Yael_Mishael\Rony\remote_computer backup\nnUNet_resources\bnei_reem_specA_unified\inference_concatenated\bnei_reem_specA_unified.nii.gz,5,2,"25,425,225",200,0,0.169921,y,original,ok,20.023217590339623,50.92657480016351,,"porespy3.0.4 tortuosity_fd default: openpnm3.6.3 PyamgRugeStubenSolver(tol=1e-8,maxiter=1000)"
Vertisol,bnei_reem_specA_unified,E:\PROJECTS\Yael_Mishael\Rony\remote_computer backup\nnUNet_resources\bnei_reem_specA_unified\inference_concatenated\bnei_reem_specA_unified.nii.gz,5,2,"25,425,225",200,1,0.169921,y,original,ok,25.048209574885927,51.796824200078845,,"porespy3.0.4 tortuosity_fd default: openpnm3.6.3 PyamgRugeStubenSolver(tol=1e-8,maxiter=1000)"
Vertisol,bnei_reem_specA_unified,E:\PROJECTS\Yael_Mishael\Rony\remote_computer backup\nnUNet_resources\bnei_reem_specA_unified\inference_concatenated\bnei_reem_specA_unified.nii.gz,5,2,"25,425,225",200,2,0.169921,y,original,ok,2.890397034741658,57.85095810005441,,"porespy3.0.4 tortuosity_fd default: openpnm3.6.3 PyamgRugeStubenSolver(tol=1e-8,maxiter=1000)"
Vertisol,bnei_reem_specA_unified,E:\PROJECTS\Yael_Mishael\Rony\remote_computer backup\nnUNet_resources\bnei_reem_specA_unified\inference_concatenated\bnei_reem_specA_unified.nii.gz,5,3,"225,25,425",200,0,0.137706125,y,original,ok,52.36215386354629,115.72213039989583,,"porespy3.0.4 tortuosity_fd default: openpnm3.6.3 PyamgRugeStubenSolver(tol=1e-8,maxiter=1000)"
Vertisol,bnei_reem_specA_unified,E:\PROJECTS\Yael_Mishael\Rony\remote_computer backup\nnUNet_resources\bnei_reem_specA_unified\inference_concatenated\bnei_reem_specA_unified.nii.gz,5,3,"225,25,425",200,1,0.137706125,y,original,timeout,,176.40130257606506,timeout>175.0s,"porespy3.0.4 tortuosity_fd default: openpnm3.6.3 PyamgRugeStubenSolver(tol=1e-8,maxiter=1000)"
Vertisol,bnei_reem_specA_unified,E:\PROJECTS\Yael_Mishael\Rony\remote_computer backup\nnUNet_resources\bnei_reem_specA_unified\inference_concatenated\bnei_reem_specA_unified.nii.gz,5,3,"225,25,425",200,2,0.137706125,y,original,ok,26.13589877157532,136.26602310012095,,"porespy3.0.4 tortuosity_fd default: openpnm3.6.3 PyamgRugeStubenSolver(tol=1e-8,maxiter=1000)"
Vertisol,bnei_reem_specA_unified,E:\PROJECTS\Yael_Mishael\Rony\remote_computer backup\nnUNet_resources\bnei_reem_specA_unified\inference_concatenated\bnei_reem_specA_unified.nii.gz,5,4,"225,425,25",200,0,0.14773775,y,original,ok,20.20886034845055,51.57462679990567,,"porespy3.0.4 tortuosity_fd default: openpnm3.6.3 PyamgRugeStubenSolver(tol=1e-8,maxiter=1000)"
Vertisol,bnei_reem_specA_unified,E:\PROJECTS\Yael_Mishael\Rony\remote_computer backup\nnUNet_resources\bnei_reem_specA_unified\inference_concatenated\bnei_reem_specA_unified.nii.gz,5,4,"225,425,25",200,1,0.14773775,y,original,ok,22.82547143737974,50.7552660999354,,"porespy3.0.4 tortuosity_fd default: openpnm3.6.3 PyamgRugeStubenSolver(tol=1e-8,maxiter=1000)"
Vertisol,bnei_reem_specA_unified,E:\PROJECTS\Yael_Mishael\Rony\remote_computer backup\nnUNet_resources\bnei_reem_specA_unified\inference_concatenated\bnei_reem_specA_unified.nii.gz,5,4,"225,425,25",200,2,0.14773775,y,original,ok,13.482255686155018,67.41976689989679,,"porespy3.0.4 tortuosity_fd default: openpnm3.6.3 PyamgRugeStubenSolver(tol=1e-8,maxiter=1000)"
Vertisol,bnei_reem_specA_unified,E:\PROJECTS\Yael_Mishael\Rony\remote_computer backup\nnUNet_resources\bnei_reem_specA_unified\inference_concatenated\bnei_reem_specA_unified.nii.gz,5,5,"425,25,225",200,0,0.154467125,y,original,ok,14.741006760347732,38.72623859997839,,"porespy3.0.4 tortuosity_fd default: openpnm3.6.3 PyamgRugeStubenSolver(tol=1e-8,maxiter=1000)"
Vertisol,bnei_reem_specA_unified,E:\PROJECTS\Yael_Mishael\Rony\remote_computer backup\nnUNet_resources\bnei_reem_specA_unified\inference_concatenated\bnei_reem_specA_unified.nii.gz,5,5,"425,25,225",200,1,0.154467125,y,original,ok,20.600201196696304,48.171712999930605,,"porespy3.0.4 tortuosity_fd default: openpnm3.6.3 PyamgRugeStubenSolver(tol=1e-8,maxiter=1000)"
Vertisol,bnei_reem_specA_unified,E:\PROJECTS\Yael_Mishael\Rony\remote_computer backup\nnUNet_resources\bnei_reem_specA_unified\inference_concatenated\bnei_reem_specA_unified.nii.gz,5,5,"425,25,225",200,2,0.154467125,y,original,ok,4.590676579915029,45.620461399899796,,"porespy3.0.4 tortuosity_fd default: openpnm3.6.3 PyamgRugeStubenSolver(tol=1e-8,maxiter=1000)"
Vertisol,bnei_reem_specA_unified,E:\PROJECTS\Yael_Mishael\Rony\remote_computer backup\nnUNet_resources\bnei_reem_specA_unified\inference_concatenated\bnei_reem_specA_unified.nii.gz,5,6,"425,225,225",200,0,0.1249255,y,original,ok,12.871921315935479,56.74520900007337,,"porespy3.0.4 tortuosity_fd default: openpnm3.6.3 PyamgRugeStubenSolver(tol=1e-8,maxiter=1000)"
Vertisol,bnei_reem_specA_unified,E:\PROJECTS\Yael_Mishael\Rony\remote_computer backup\nnUNet_resources\bnei_reem_specA_unified\inference_concatenated\bnei_reem_specA_unified.nii.gz,5,6,"425,225,225",200,1,0.1249255,y,original,ok,18.62155855031096,41.71568730007857,,"porespy3.0.4 tortuosity_fd default: openpnm3.6.3 PyamgRugeStubenSolver(tol=1e-8,maxiter=1000)"
Vertisol,bnei_reem_specA_unified,E:\PROJECTS\Yael_Mishael\Rony\remote_computer backup\nnUNet_resources\bnei_reem_specA_unified\inference_concatenated\bnei_reem_specA_unified.nii.gz,5,6,"425,225,225",200,2,0.1249255,y,original,ok,55.993798854242144,88.92659809999168,,"porespy3.0.4 tortuosity_fd default: openpnm3.6.3 PyamgRugeStubenSolver(tol=1e-8,maxiter=1000)"
Vertisol,bnei_reem_specA_unified,E:\PROJECTS\Yael_Mishael\Rony\remote_computer backup\nnUNet_resources\bnei_reem_specA_unified\inference_concatenated\bnei_reem_specA_unified.nii.gz,5,7,"425,425,425",200,0,0.143248375,y,original,ok,49.34183516795981,84.85257139988244,,"porespy3.0.4 tortuosity_fd default: openpnm3.6.3 PyamgRugeStubenSolver(tol=1e-8,maxiter=1000)"
Vertisol,bnei_reem_specA_unified,E:\PROJECTS\Yael_Mishael\Rony\remote_computer backup\nnUNet_resources\bnei_reem_specA_unified\inference_concatenated\bnei_reem_specA_unified.nii.gz,5,7,"425,425,425",200,1,0.143248375,y,original,ok,53.858714076044016,49.770002000033855,,"porespy3.0.4 tortuosity_fd default: openpnm3.6.3 PyamgRugeStubenSolver(tol=1e-8,maxiter=1000)"
Vertisol,bnei_reem_specA_unified,E:\PROJECTS\Yael_Mishael\Rony\remote_computer backup\nnUNet_resources\bnei_reem_specA_unified\inference_concatenated\bnei_reem_specA_unified.nii.gz,5,7,"425,425,425",200,2,0.143248375,y,original,ok,28.26257460983293,153.5868592998013,,"porespy3.0.4 tortuosity_fd default: openpnm3.6.3 PyamgRugeStubenSolver(tol=1e-8,maxiter=1000)"
Vertisol,bnei_reem_specB_unified,E:\PROJECTS\Yael_Mishael\Rony\remote_computer backup\nnUNet_resources\bnei_reem_specB_unified\inference_concatenated\bnei_reem_specB_unified.nii.gz,5,0,"25,25,25",200,0,0.21826,y,original,ok,2.169204224287188,47.48718219995499,,"porespy3.0.4 tortuosity_fd default: openpnm3.6.3 PyamgRugeStubenSolver(tol=1e-8,maxiter=1000)"
Vertisol,bnei_reem_specB_unified,E:\PROJECTS\Yael_Mishael\Rony\remote_computer backup\nnUNet_resources\bnei_reem_specB_unified\inference_concatenated\bnei_reem_specB_unified.nii.gz,5,0,"25,25,25",200,1,0.21826,y,original,ok,7.141139720456456,68.0895033001434,,"porespy3.0.4 tortuosity_fd default: openpnm3.6.3 PyamgRugeStubenSolver(tol=1e-8,maxiter=1000)"
Vertisol,bnei_reem_specB_unified,E:\PROJECTS\Yael_Mishael\Rony\remote_computer backup\nnUNet_resources\bnei_reem_specB_unified\inference_concatenated\bnei_reem_specB_unified.nii.gz,5,0,"25,25,25",200,2,0.21826,y,original,ok,5.495564874117832,56.572457700036466,,"porespy3.0.4 tortuosity_fd default: openpnm3.6.3 PyamgRugeStubenSolver(tol=1e-8,maxiter=1000)"
Vertisol,bnei_reem_specB_unified,E:\PROJECTS\Yael_Mishael\Rony\remote_computer backup\nnUNet_resources\bnei_reem_specB_unified\inference_concatenated\bnei_reem_specB_unified.nii.gz,5,1,"25,225,225",200,0,0.30095125,y,original,ok,2.31023915747685,90.06464009988122,,"porespy3.0.4 tortuosity_fd default: openpnm3.6.3 PyamgRugeStubenSolver(tol=1e-8,maxiter=1000)"
Vertisol,bnei_reem_specB_unified,E:\PROJECTS\Yael_Mishael\Rony\remote_computer backup\nnUNet_resources\bnei_reem_specB_unified\inference_concatenated\bnei_reem_specB_unified.nii.gz,5,1,"25,225,225",200,1,0.30095125,y,original,ok,5.7236916914378275,64.6588661998976,,"porespy3.0.4 tortuosity_fd default: openpnm3.6.3 PyamgRugeStubenSolver(tol=1e-8,maxiter=1000)"
Vertisol,bnei_reem_specB_unified,E:\PROJECTS\Yael_Mishael\Rony\remote_computer backup\nnUNet_resources\bnei_reem_specB_unified\inference_concatenated\bnei_reem_specB_unified.nii.gz,5,1,"25,225,225",200,2,0.30095125,y,original,ok,7.784249319733541,100.25038279988803,,"porespy3.0.4 tortuosity_fd default: openpnm3.6.3 PyamgRugeStubenSolver(tol=1e-8,maxiter=1000)"
Vertisol,bnei_reem_specB_unified,E:\PROJECTS\Yael_Mishael\Rony\remote_computer backup\nnUNet_resources\bnei_reem_specB_unified\inference_concatenated\bnei_reem_specB_unified.nii.gz,5,2,"25,425,225",200,0,0.3810225,y,original,ok,3.7704565495701035,82.7537831000518,,"porespy3.0.4 tortuosity_fd default: openpnm3.6.3 PyamgRugeStubenSolver(tol=1e-8,maxiter=1000)"
Vertisol,bnei_reem_specB_unified,E:\PROJECTS\Yael_Mishael\Rony\remote_computer backup\nnUNet_resources\bnei_reem_specB_unified\inference_concatenated\bnei_reem_specB_unified.nii.gz,5,2,"25,425,225",200,1,0.3810225,y,original,ok,3.1449682765201756,117.99437329987995,,"porespy3.0.4 tortuosity_fd default: openpnm3.6.3 PyamgRugeStubenSolver(tol=1e-8,maxiter=1000)"
Vertisol,bnei_reem_specB_unified,E:\PROJECTS\Yael_Mishael\Rony\remote_computer backup\nnUNet_resources\bnei_reem_specB_unified\inference_concatenated\bnei_reem_specB_unified.nii.gz,5,2,"25,425,225",200,2,0.3810225,y,original,ok,1.7241072335763374,83.96499300003052,,"porespy3.0.4 tortuosity_fd default: openpnm3.6.3 PyamgRugeStubenSolver(tol=1e-8,maxiter=1000)"
Vertisol,bnei_reem_specB_unified,E:\PROJECTS\Yael_Mishael\Rony\remote_computer backup\nnUNet_resources\bnei_reem_specB_unified\inference_concatenated\bnei_reem_specB_unified.nii.gz,5,3,"225,25,425",200,0,0.168925,y,original,ok,12.592501777148241,54.527977799996734,,"porespy3.0.4 tortuosity_fd default: openpnm3.6.3 PyamgRugeStubenSolver(tol=1e-8,maxiter=1000)"
Vertisol,bnei_reem_specB_unified,E:\PROJECTS\Yael_Mishael\Rony\remote_computer backup\nnUNet_resources\bnei_reem_specB_unified\inference_concatenated\bnei_reem_specB_unified.nii.gz,5,3,"225,25,425",200,1,0.168925,y,original,ok,7.59078329145515,65.23223809991032,,"porespy3.0.4 tortuosity_fd default: openpnm3.6.3 PyamgRugeStubenSolver(tol=1e-8,maxiter=1000)"
Vertisol,bnei_reem_specB_unified,E:\PROJECTS\Yael_Mishael\Rony\remote_computer backup\nnUNet_resources\bnei_reem_specB_unified\inference_concatenated\bnei_reem_specB_unified.nii.gz,5,3,"225,25,425",200,2,0.168925,y,original,ok,4.062812427143268,62.55327049992047,,"porespy3.0.4 tortuosity_fd default: openpnm3.6.3 PyamgRugeStubenSolver(tol=1e-8,maxiter=1000)"
Vertisol,bnei_reem_specB_unified,E:\PROJECTS\Yael_Mishael\Rony\remote_computer backup\nnUNet_resources\bnei_reem_specB_unified\inference_concatenated\bnei_reem_specB_unified.nii.gz,5,4,"225,425,25",200,0,0.14298875,y,original,ok,8.456668796944895,38.641018900088966,,"porespy3.0.4 tortuosity_fd default: openpnm3.6.3 PyamgRugeStubenSolver(tol=1e-8,maxiter=1000)"
Vertisol,bnei_reem_specB_unified,E:\PROJECTS\Yael_Mishael\Rony\remote_computer backup\nnUNet_resources\bnei_reem_specB_unified\inference_concatenated\bnei_reem_specB_unified.nii.gz,5,4,"225,425,25",200,1,0.14298875,y,original,ok,12.533679610145882,40.254633999895304,,"porespy3.0.4 tortuosity_fd default: openpnm3.6.3 PyamgRugeStubenSolver(tol=1e-8,maxiter=1000)"
Vertisol,bnei_reem_specB_unified,E:\PROJECTS\Yael_Mishael\Rony\remote_computer backup\nnUNet_resources\bnei_reem_specB_unified\inference_concatenated\bnei_reem_specB_unified.nii.gz,5,4,"225,425,25",200,2,0.14298875,y,original,ok,8.098159124934263,37.94369310000911,,"porespy3.0.4 tortuosity_fd default: openpnm3.6.3 PyamgRugeStubenSolver(tol=1e-8,maxiter=1000)"
Vertisol,bnei_reem_specB_unified,E:\PROJECTS\Yael_Mishael\Rony\remote_computer backup\nnUNet_resources\bnei_reem_specB_unified\inference_concatenated\bnei_reem_specB_unified.nii.gz,5,5,"425,25,225",200,0,0.151016875,y,original,ok,7.482764092105765,47.76484409999102,,"porespy3.0.4 tortuosity_fd default: openpnm3.6.3 PyamgRugeStubenSolver(tol=1e-8,maxiter=1000)"
Vertisol,bnei_reem_specB_unified,E:\PROJECTS\Yael_Mishael\Rony\remote_computer backup\nnUNet_resources\bnei_reem_specB_unified\inference_concatenated\bnei_reem_specB_unified.nii.gz,5,5,"425,25,225",200,1,0.151016875,y,original,ok,12.788504806749831,73.6665578999091,,"porespy3.0.4 tortuosity_fd default: openpnm3.6.3 PyamgRugeStubenSolver(tol=1e-8,maxiter=1000)"
Vertisol,bnei_reem_specB_unified,E:\PROJECTS\Yael_Mishael\Rony\remote_computer backup\nnUNet_resources\bnei_reem_specB_unified\inference_concatenated\bnei_reem_specB_unified.nii.gz,5,5,"425,25,225",200,2,0.151016875,y,original,ok,5.961663904732676,37.534537200117484,,"porespy3.0.4 tortuosity_fd default: openpnm3.6.3 PyamgRugeStubenSolver(tol=1e-8,maxiter=1000)"
Vertisol,bnei_reem_specB_unified,E:\PROJECTS\Yael_Mishael\Rony\remote_computer backup\nnUNet_resources\bnei_reem_specB_unified\inference_concatenated\bnei_reem_specB_unified.nii.gz,5,6,"425,225,225",200,0,0.214242125,y,original,ok,5.8539663870933305,60.68763199984096,,"porespy3.0.4 tortuosity_fd default: openpnm3.6.3 PyamgRugeStubenSolver(tol=1e-8,maxiter=1000)"
Vertisol,bnei_reem_specB_unified,E:\PROJECTS\Yael_Mishael\Rony\remote_computer backup\nnUNet_resources\bnei_reem_specB_unified\inference_concatenated\bnei_reem_specB_unified.nii.gz,5,6,"425,225,225",200,1,0.214242125,y,original,ok,5.0847699855648525,80.42640290013514,,"porespy3.0.4 tortuosity_fd default: openpnm3.6.3 PyamgRugeStubenSolver(tol=1e-8,maxiter=1000)"
Vertisol,bnei_reem_specB_unified,E:\PROJECTS\Yael_Mishael\Rony\remote_computer backup\nnUNet_resources\bnei_reem_specB_unified\inference_concatenated\bnei_reem_specB_unified.nii.gz,5,6,"425,225,225",200,2,0.214242125,y,original,ok,5.627884653243891,57.478644100017846,,"porespy3.0.4 tortuosity_fd default: openpnm3.6.3 PyamgRugeStubenSolver(tol=1e-8,maxiter=1000)"
Vertisol,bnei_reem_specB_unified,E:\PROJECTS\Yael_Mishael\Rony\remote_computer backup\nnUNet_resources\bnei_reem_specB_unified\inference_concatenated\bnei_reem_specB_unified.nii.gz,5,7,"425,425,425",200,0,0.194346375,y,original,ok,4.244185727358336,63.16275370004587,,"porespy3.0.4 tortuosity_fd default: openpnm3.6.3 PyamgRugeStubenSolver(tol=1e-8,maxiter=1000)"
Vertisol,bnei_reem_specB_unified,E:\PROJECTS\Yael_Mishael\Rony\remote_computer backup\nnUNet_resources\bnei_reem_specB_unified\inference_concatenated\bnei_reem_specB_unified.nii.gz,5,7,"425,425,425",200,1,0.194346375,y,original,ok,15.604692205627057,68.94650869979523,,"porespy3.0.4 tortuosity_fd default: openpnm3.6.3 PyamgRugeStubenSolver(tol=1e-8,maxiter=1000)"
Vertisol,bnei_reem_specB_unified,E:\PROJECTS\Yael_Mishael\Rony\remote_computer backup\nnUNet_resources\bnei_reem_specB_unified\inference_concatenated\bnei_reem_specB_unified.nii.gz,5,7,"425,425,425",200,2,0.194346375,y,original,ok,3.697763463560715,47.83525550016202,,"porespy3.0.4 tortuosity_fd default: openpnm3.6.3 PyamgRugeStubenSolver(tol=1e-8,maxiter=1000)"
Loess,mishmar_3_5p85um_label_ds15,E:\PROJECTS\Yael_Mishael\Rony\remote_computer backup\nnUNet4SoilXrayCT\05_evaluation\psd\pom_analysis_20260829_roi_expansion\pipeline_work\mishmar_native_5p85um\mishmar_native_5p85um_label_downsample.nii.gz,5,0,"37,37,37",200,0,0.326934875,y,original,ok,2.3804821393774254,99.42220319993794,,"porespy3.0.4 tortuosity_fd default: openpnm3.6.3 PyamgRugeStubenSolver(tol=1e-8,maxiter=1000)"
Loess,mishmar_3_5p85um_label_ds15,E:\PROJECTS\Yael_Mishael\Rony\remote_computer backup\nnUNet4SoilXrayCT\05_evaluation\psd\pom_analysis_20260829_roi_expansion\pipeline_work\mishmar_native_5p85um\mishmar_native_5p85um_label_downsample.nii.gz,5,0,"37,37,37",200,1,0.326934875,y,original,ok,2.7492872248250717,126.60177139984444,,"porespy3.0.4 tortuosity_fd default: openpnm3.6.3 PyamgRugeStubenSolver(tol=1e-8,maxiter=1000)"
Loess,mishmar_3_5p85um_label_ds15,E:\PROJECTS\Yael_Mishael\Rony\remote_computer backup\nnUNet4SoilXrayCT\05_evaluation\psd\pom_analysis_20260829_roi_expansion\pipeline_work\mishmar_native_5p85um\mishmar_native_5p85um_label_downsample.nii.gz,5,0,"37,37,37",200,2,0.326934875,y,original,ok,2.834001001312861,98.37937400001101,,"porespy3.0.4 tortuosity_fd default: openpnm3.6.3 PyamgRugeStubenSolver(tol=1e-8,maxiter=1000)"
Loess,mishmar_3_5p85um_label_ds15,E:\PROJECTS\Yael_Mishael\Rony\remote_computer backup\nnUNet4SoilXrayCT\05_evaluation\psd\pom_analysis_20260829_roi_expansion\pipeline_work\mishmar_native_5p85um\mishmar_native_5p85um_label_downsample.nii.gz,5,1,"37,37,237",200,0,0.29292175,y,original,ok,3.004919317048038,171.6938744999934,,"porespy3.0.4 tortuosity_fd default: openpnm3.6.3 PyamgRugeStubenSolver(tol=1e-8,maxiter=1000)"
Loess,mishmar_3_5p85um_label_ds15,E:\PROJECTS\Yael_Mishael\Rony\remote_computer backup\nnUNet4SoilXrayCT\05_evaluation\psd\pom_analysis_20260829_roi_expansion\pipeline_work\mishmar_native_5p85um\mishmar_native_5p85um_label_downsample.nii.gz,5,1,"37,37,237",200,1,0.29292175,y,original,ok,3.2205020517540874,101.17362409993075,,"porespy3.0.4 tortuosity_fd default: openpnm3.6.3 PyamgRugeStubenSolver(tol=1e-8,maxiter=1000)"
Loess,mishmar_3_5p85um_label_ds15,E:\PROJECTS\Yael_Mishael\Rony\remote_computer backup\nnUNet4SoilXrayCT\05_evaluation\psd\pom_analysis_20260829_roi_expansion\pipeline_work\mishmar_native_5p85um\mishmar_native_5p85um_label_downsample.nii.gz,5,1,"37,37,237",200,2,0.29292175,y,original,ok,3.184660597544233,104.48790679988451,,"porespy3.0.4 tortuosity_fd default: openpnm3.6.3 PyamgRugeStubenSolver(tol=1e-8,maxiter=1000)"
Loess,mishmar_3_5p85um_label_ds15,E:\PROJECTS\Yael_Mishael\Rony\remote_computer backup\nnUNet4SoilXrayCT\05_evaluation\psd\pom_analysis_20260829_roi_expansion\pipeline_work\mishmar_native_5p85um\mishmar_native_5p85um_label_downsample.nii.gz,5,2,"37,237,37",200,0,0.285185375,y,original,ok,3.3349440727359285,104.41642759996466,,"porespy3.0.4 tortuosity_fd default: openpnm3.6.3 PyamgRugeStubenSolver(tol=1e-8,maxiter=1000)"
Loess,mishmar_3_5p85um_label_ds15,E:\PROJECTS\Yael_Mishael\Rony\remote_computer backup\nnUNet4SoilXrayCT\05_evaluation\psd\pom_analysis_20260829_roi_expansion\pipeline_work\mishmar_native_5p85um\mishmar_native_5p85um_label_downsample.nii.gz,5,2,"37,237,37",200,1,0.285185375,y,original,ok,2.9057849538853695,102.7769541000016,,"porespy3.0.4 tortuosity_fd default: openpnm3.6.3 PyamgRugeStubenSolver(tol=1e-8,maxiter=1000)"
Loess,mishmar_3_5p85um_label_ds15,E:\PROJECTS\Yael_Mishael\Rony\remote_computer backup\nnUNet4SoilXrayCT\05_evaluation\psd\pom_analysis_20260829_roi_expansion\pipeline_work\mishmar_native_5p85um\mishmar_native_5p85um_label_downsample.nii.gz,5,2,"37,237,37",200,2,0.285185375,y,original,ok,3.416321457983005,110.36219979985617,,"porespy3.0.4 tortuosity_fd default: openpnm3.6.3 PyamgRugeStubenSolver(tol=1e-8,maxiter=1000)"
Loess,mishmar_3_5p85um_label_ds15,E:\PROJECTS\Yael_Mishael\Rony\remote_computer backup\nnUNet4SoilXrayCT\05_evaluation\psd\pom_analysis_20260829_roi_expansion\pipeline_work\mishmar_native_5p85um\mishmar_native_5p85um_label_downsample.nii.gz,5,3,"37,237,237",200,0,0.298774875,y,original,ok,3.1956633246244266,131.4329353000503,,"porespy3.0.4 tortuosity_fd default: openpnm3.6.3 PyamgRugeStubenSolver(tol=1e-8,maxiter=1000)"
Loess,mishmar_3_5p85um_label_ds15,E:\PROJECTS\Yael_Mishael\Rony\remote_computer backup\nnUNet4SoilXrayCT\05_evaluation\psd\pom_analysis_20260829_roi_expansion\pipeline_work\mishmar_native_5p85um\mishmar_native_5p85um_label_downsample.nii.gz,5,3,"37,237,237",200,1,0.298774875,y,original,ok,3.3902514435355062,116.0749498999212,,"porespy3.0.4 tortuosity_fd default: openpnm3.6.3 PyamgRugeStubenSolver(tol=1e-8,maxiter=1000)"
Loess,mishmar_3_5p85um_label_ds15,E:\PROJECTS\Yael_Mishael\Rony\remote_computer backup\nnUNet4SoilXrayCT\05_evaluation\psd\pom_analysis_20260829_roi_expansion\pipeline_work\mishmar_native_5p85um\mishmar_native_5p85um_label_downsample.nii.gz,5,3,"37,237,237",200,2,0.298774875,y,original,ok,3.847326205201275,97.31053610006347,,"porespy3.0.4 tortuosity_fd default: openpnm3.6.3 PyamgRugeStubenSolver(tol=1e-8,maxiter=1000)"
Loess,mishmar_3_5p85um_label_ds15,E:\PROJECTS\Yael_Mishael\Rony\remote_computer backup\nnUNet4SoilXrayCT\05_evaluation\psd\pom_analysis_20260829_roi_expansion\pipeline_work\mishmar_native_5p85um\mishmar_native_5p85um_label_downsample.nii.gz,5,4,"237,37,37",200,0,0.250217375,y,original,timeout,,176.30624127388,timeout>175.0s,"porespy3.0.4 tortuosity_fd default: openpnm3.6.3 PyamgRugeStubenSolver(tol=1e-8,maxiter=1000)"
Loess,mishmar_3_5p85um_label_ds15,E:\PROJECTS\Yael_Mishael\Rony\remote_computer backup\nnUNet4SoilXrayCT\05_evaluation\psd\pom_analysis_20260829_roi_expansion\pipeline_work\mishmar_native_5p85um\mishmar_native_5p85um_label_downsample.nii.gz,5,4,"237,37,37",200,1,0.250217375,y,original,timeout,,176.18349194526672,timeout>175.0s,"porespy3.0.4 tortuosity_fd default: openpnm3.6.3 PyamgRugeStubenSolver(tol=1e-8,maxiter=1000)"
Loess,mishmar_3_5p85um_label_ds15,E:\PROJECTS\Yael_Mishael\Rony\remote_computer backup\nnUNet4SoilXrayCT\05_evaluation\psd\pom_analysis_20260829_roi_expansion\pipeline_work\mishmar_native_5p85um\mishmar_native_5p85um_label_downsample.nii.gz,5,4,"237,37,37",200,2,0.250217375,y,original,ok,3.160465364824954,156.90332149993628,,"porespy3.0.4 tortuosity_fd default: openpnm3.6.3 PyamgRugeStubenSolver(tol=1e-8,maxiter=1000)"
Loess,mishmar_3_5p85um_label_ds15,E:\PROJECTS\Yael_Mishael\Rony\remote_computer backup\nnUNet4SoilXrayCT\05_evaluation\psd\pom_analysis_20260829_roi_expansion\pipeline_work\mishmar_native_5p85um\mishmar_native_5p85um_label_downsample.nii.gz,5,5,"237,37,237",200,0,0.2499725,y,original,ok,3.342203280249413,116.71718739997596,,"porespy3.0.4 tortuosity_fd default: openpnm3.6.3 PyamgRugeStubenSolver(tol=1e-8,maxiter=1000)"
Loess,mishmar_3_5p85um_label_ds15,E:\PROJECTS\Yael_Mishael\Rony\remote_computer backup\nnUNet4SoilXrayCT\05_evaluation\psd\pom_analysis_20260829_roi_expansion\pipeline_work\mishmar_native_5p85um\mishmar_native_5p85um_label_downsample.nii.gz,5,5,"237,37,237",200,1,0.2499725,y,original,ok,6.533891743870861,132.0064483000897,,"porespy3.0.4 tortuosity_fd default: openpnm3.6.3 PyamgRugeStubenSolver(tol=1e-8,maxiter=1000)"
Loess,mishmar_3_5p85um_label_ds15,E:\PROJECTS\Yael_Mishael\Rony\remote_computer backup\nnUNet4SoilXrayCT\05_evaluation\psd\pom_analysis_20260829_roi_expansion\pipeline_work\mishmar_native_5p85um\mishmar_native_5p85um_label_downsample.nii.gz,5,5,"237,37,237",200,2,0.2499725,y,original,timeout,,175.67625546455383,timeout>175.0s,"porespy3.0.4 tortuosity_fd default: openpnm3.6.3 PyamgRugeStubenSolver(tol=1e-8,maxiter=1000)"
Loess,mishmar_3_5p85um_label_ds15,E:\PROJECTS\Yael_Mishael\Rony\remote_computer backup\nnUNet4SoilXrayCT\05_evaluation\psd\pom_analysis_20260829_roi_expansion\pipeline_work\mishmar_native_5p85um\mishmar_native_5p85um_label_downsample.nii.gz,5,6,"237,237,37",200,0,0.2720475,y,original,ok,2.947164174400292,124.86545759998262,,"porespy3.0.4 tortuosity_fd default: openpnm3.6.3 PyamgRugeStubenSolver(tol=1e-8,maxiter=1000)"
Loess,mishmar_3_5p85um_label_ds15,E:\PROJECTS\Yael_Mishael\Rony\remote_computer backup\nnUNet4SoilXrayCT\05_evaluation\psd\pom_analysis_20260829_roi_expansion\pipeline_work\mishmar_native_5p85um\mishmar_native_5p85um_label_downsample.nii.gz,5,6,"237,237,37",200,1,0.2720475,y,original,ok,3.347067432531519,140.69878629990853,,"porespy3.0.4 tortuosity_fd default: openpnm3.6.3 PyamgRugeStubenSolver(tol=1e-8,maxiter=1000)"
Loess,mishmar_3_5p85um_label_ds15,E:\PROJECTS\Yael_Mishael\Rony\remote_computer backup\nnUNet4SoilXrayCT\05_evaluation\psd\pom_analysis_20260829_roi_expansion\pipeline_work\mishmar_native_5p85um\mishmar_native_5p85um_label_downsample.nii.gz,5,6,"237,237,37",200,2,0.2720475,y,original,ok,2.7731149745967794,135.35834379983135,,"porespy3.0.4 tortuosity_fd default: openpnm3.6.3 PyamgRugeStubenSolver(tol=1e-8,maxiter=1000)"
Loess,mishmar_3_5p85um_label_ds15,E:\PROJECTS\Yael_Mishael\Rony\remote_computer backup\nnUNet4SoilXrayCT\05_evaluation\psd\pom_analysis_20260829_roi_expansion\pipeline_work\mishmar_native_5p85um\mishmar_native_5p85um_label_downsample.nii.gz,5,7,"237,237,237",200,0,0.22636975,y,original,ok,4.282504308462392,116.97192489984445,,"porespy3.0.4 tortuosity_fd default: openpnm3.6.3 PyamgRugeStubenSolver(tol=1e-8,maxiter=1000)"
Loess,mishmar_3_5p85um_label_ds15,E:\PROJECTS\Yael_Mishael\Rony\remote_computer backup\nnUNet4SoilXrayCT\05_evaluation\psd\pom_analysis_20260829_roi_expansion\pipeline_work\mishmar_native_5p85um\mishmar_native_5p85um_label_downsample.nii.gz,5,7,"237,237,237",200,1,0.22636975,y,original,ok,4.850294503351696,126.82558749988675,,"porespy3.0.4 tortuosity_fd default: openpnm3.6.3 PyamgRugeStubenSolver(tol=1e-8,maxiter=1000)"
Loess,mishmar_3_5p85um_label_ds15,E:\PROJECTS\Yael_Mishael\Rony\remote_computer backup\nnUNet4SoilXrayCT\05_evaluation\psd\pom_analysis_20260829_roi_expansion\pipeline_work\mishmar_native_5p85um\mishmar_native_5p85um_label_downsample.nii.gz,5,7,"237,237,237",200,2,0.22636975,y,original,ok,4.17189147084731,114.24117349996231,,"porespy3.0.4 tortuosity_fd default: openpnm3.6.3 PyamgRugeStubenSolver(tol=1e-8,maxiter=1000)"
Loess,mishmar_2_8p8um_label_ds15,E:\PROJECTS\Yael_Mishael\Rony\remote_computer backup\nnUNet4SoilXrayCT\05_evaluation\psd\pom_analysis_20260829_roi_expansion\pipeline_work\mishmar_second_8p8um\mishmar_second_8p8um_label_downsample.nii.gz,5,0,"273,273,73",200,0,0.284033625,y,original,ok,2.7291408458464574,71.59338549990207,,"porespy3.0.4 tortuosity_fd default: openpnm3.6.3 PyamgRugeStubenSolver(tol=1e-8,maxiter=1000)"
Loess,mishmar_2_8p8um_label_ds15,E:\PROJECTS\Yael_Mishael\Rony\remote_computer backup\nnUNet4SoilXrayCT\05_evaluation\psd\pom_analysis_20260829_roi_expansion\pipeline_work\mishmar_second_8p8um\mishmar_second_8p8um_label_downsample.nii.gz,5,0,"273,273,73",200,1,0.284033625,y,original,ok,2.2262377706082512,88.47365489997901,,"porespy3.0.4 tortuosity_fd default: openpnm3.6.3 PyamgRugeStubenSolver(tol=1e-8,maxiter=1000)"
Loess,mishmar_2_8p8um_label_ds15,E:\PROJECTS\Yael_Mishael\Rony\remote_computer backup\nnUNet4SoilXrayCT\05_evaluation\psd\pom_analysis_20260829_roi_expansion\pipeline_work\mishmar_second_8p8um\mishmar_second_8p8um_label_downsample.nii.gz,5,0,"273,273,73",200,2,0.284033625,y,original,ok,3.418820831515004,83.9053843000438,,"porespy3.0.4 tortuosity_fd default: openpnm3.6.3 PyamgRugeStubenSolver(tol=1e-8,maxiter=1000)"
Loess,mishmar_2_8p8um_label_ds15,E:\PROJECTS\Yael_Mishael\Rony\remote_computer backup\nnUNet4SoilXrayCT\05_evaluation\psd\pom_analysis_20260829_roi_expansion\pipeline_work\mishmar_second_8p8um\mishmar_second_8p8um_label_downsample.nii.gz,5,1,"273,273,473",200,0,0.264643,y,original,ok,2.826199463399019,105.14967830013484,,"porespy3.0.4 tortuosity_fd default: openpnm3.6.3 PyamgRugeStubenSolver(tol=1e-8,maxiter=1000)"
Loess,mishmar_2_8p8um_label_ds15,E:\PROJECTS\Yael_Mishael\Rony\remote_computer backup\nnUNet4SoilXrayCT\05_evaluation\psd\pom_analysis_20260829_roi_expansion\pipeline_work\mishmar_second_8p8um\mishmar_second_8p8um_label_downsample.nii.gz,5,1,"273,273,473",200,1,0.264643,y,original,ok,3.135246440913401,81.83537099999376,,"porespy3.0.4 tortuosity_fd default: openpnm3.6.3 PyamgRugeStubenSolver(tol=1e-8,maxiter=1000)"
Loess,mishmar_2_8p8um_label_ds15,E:\PROJECTS\Yael_Mishael\Rony\remote_computer backup\nnUNet4SoilXrayCT\05_evaluation\psd\pom_analysis_20260829_roi_expansion\pipeline_work\mishmar_second_8p8um\mishmar_second_8p8um_label_downsample.nii.gz,5,1,"273,273,473",200,2,0.264643,y,original,ok,3.09431550007965,96.46516180015169,,"porespy3.0.4 tortuosity_fd default: openpnm3.6.3 PyamgRugeStubenSolver(tol=1e-8,maxiter=1000)"
Loess,mishmar_2_8p8um_label_ds15,E:\PROJECTS\Yael_Mishael\Rony\remote_computer backup\nnUNet4SoilXrayCT\05_evaluation\psd\pom_analysis_20260829_roi_expansion\pipeline_work\mishmar_second_8p8um\mishmar_second_8p8um_label_downsample.nii.gz,5,2,"273,473,73",200,0,0.336368625,y,original,ok,2.416628115535881,77.50385829992592,,"porespy3.0.4 tortuosity_fd default: openpnm3.6.3 PyamgRugeStubenSolver(tol=1e-8,maxiter=1000)"
Loess,mishmar_2_8p8um_label_ds15,E:\PROJECTS\Yael_Mishael\Rony\remote_computer backup\nnUNet4SoilXrayCT\05_evaluation\psd\pom_analysis_20260829_roi_expansion\pipeline_work\mishmar_second_8p8um\mishmar_second_8p8um_label_downsample.nii.gz,5,2,"273,473,73",200,1,0.336368625,y,original,ok,2.416591585742839,71.2575852998998,,"porespy3.0.4 tortuosity_fd default: openpnm3.6.3 PyamgRugeStubenSolver(tol=1e-8,maxiter=1000)"
Loess,mishmar_2_8p8um_label_ds15,E:\PROJECTS\Yael_Mishael\Rony\remote_computer backup\nnUNet4SoilXrayCT\05_evaluation\psd\pom_analysis_20260829_roi_expansion\pipeline_work\mishmar_second_8p8um\mishmar_second_8p8um_label_downsample.nii.gz,5,2,"273,473,73",200,2,0.336368625,y,original,ok,2.3619287912059663,90.32010530005209,,"porespy3.0.4 tortuosity_fd default: openpnm3.6.3 PyamgRugeStubenSolver(tol=1e-8,maxiter=1000)"
Loess,mishmar_2_8p8um_label_ds15,E:\PROJECTS\Yael_Mishael\Rony\remote_computer backup\nnUNet4SoilXrayCT\05_evaluation\psd\pom_analysis_20260829_roi_expansion\pipeline_work\mishmar_second_8p8um\mishmar_second_8p8um_label_downsample.nii.gz,5,3,"273,473,473",200,0,0.28972575,y,original,ok,3.1288294447313056,71.6438305999618,,"porespy3.0.4 tortuosity_fd default: openpnm3.6.3 PyamgRugeStubenSolver(tol=1e-8,maxiter=1000)"
Loess,mishmar_2_8p8um_label_ds15,E:\PROJECTS\Yael_Mishael\Rony\remote_computer backup\nnUNet4SoilXrayCT\05_evaluation\psd\pom_analysis_20260829_roi_expansion\pipeline_work\mishmar_second_8p8um\mishmar_second_8p8um_label_downsample.nii.gz,5,3,"273,473,473",200,1,0.28972575,y,original,ok,3.141736633236722,154.04418720002286,,"porespy3.0.4 tortuosity_fd default: openpnm3.6.3 PyamgRugeStubenSolver(tol=1e-8,maxiter=1000)"
Loess,mishmar_2_8p8um_label_ds15,E:\PROJECTS\Yael_Mishael\Rony\remote_computer backup\nnUNet4SoilXrayCT\05_evaluation\psd\pom_analysis_20260829_roi_expansion\pipeline_work\mishmar_second_8p8um\mishmar_second_8p8um_label_downsample.nii.gz,5,3,"273,473,473",200,2,0.28972575,y,original,ok,3.55153261184402,123.28329099994153,,"porespy3.0.4 tortuosity_fd default: openpnm3.6.3 PyamgRugeStubenSolver(tol=1e-8,maxiter=1000)"
Loess,mishmar_2_8p8um_label_ds15,E:\PROJECTS\Yael_Mishael\Rony\remote_computer backup\nnUNet4SoilXrayCT\05_evaluation\psd\pom_analysis_20260829_roi_expansion\pipeline_work\mishmar_second_8p8um\mishmar_second_8p8um_label_downsample.nii.gz,5,4,"473,273,273",200,0,0.2377265,y,original,ok,3.0199275576425393,74.8841878999956,,"porespy3.0.4 tortuosity_fd default: openpnm3.6.3 PyamgRugeStubenSolver(tol=1e-8,maxiter=1000)"
Loess,mishmar_2_8p8um_label_ds15,E:\PROJECTS\Yael_Mishael\Rony\remote_computer backup\nnUNet4SoilXrayCT\05_evaluation\psd\pom_analysis_20260829_roi_expansion\pipeline_work\mishmar_second_8p8um\mishmar_second_8p8um_label_downsample.nii.gz,5,4,"473,273,273",200,1,0.2377265,y,original,ok,3.389680523573931,69.30461999983527,,"porespy3.0.4 tortuosity_fd default: openpnm3.6.3 PyamgRugeStubenSolver(tol=1e-8,maxiter=1000)"
Loess,mishmar_2_8p8um_label_ds15,E:\PROJECTS\Yael_Mishael\Rony\remote_computer backup\nnUNet4SoilXrayCT\05_evaluation\psd\pom_analysis_20260829_roi_expansion\pipeline_work\mishmar_second_8p8um\mishmar_second_8p8um_label_downsample.nii.gz,5,4,"473,273,273",200,2,0.2377265,y,original,ok,2.7279503810630668,77.41952340002172,,"porespy3.0.4 tortuosity_fd default: openpnm3.6.3 PyamgRugeStubenSolver(tol=1e-8,maxiter=1000)"
Loess,mishmar_2_8p8um_label_ds15,E:\PROJECTS\Yael_Mishael\Rony\remote_computer backup\nnUNet4SoilXrayCT\05_evaluation\psd\pom_analysis_20260829_roi_expansion\pipeline_work\mishmar_second_8p8um\mishmar_second_8p8um_label_downsample.nii.gz,5,5,"473,273,673",200,0,0.218239375,y,original,ok,7.268446175451823,71.65767819993198,,"porespy3.0.4 tortuosity_fd default: openpnm3.6.3 PyamgRugeStubenSolver(tol=1e-8,maxiter=1000)"
Loess,mishmar_2_8p8um_label_ds15,E:\PROJECTS\Yael_Mishael\Rony\remote_computer backup\nnUNet4SoilXrayCT\05_evaluation\psd\pom_analysis_20260829_roi_expansion\pipeline_work\mishmar_second_8p8um\mishmar_second_8p8um_label_downsample.nii.gz,5,5,"473,273,673",200,1,0.218239375,y,original,ok,6.00802034180867,72.14125869981945,,"porespy3.0.4 tortuosity_fd default: openpnm3.6.3 PyamgRugeStubenSolver(tol=1e-8,maxiter=1000)"
Loess,mishmar_2_8p8um_label_ds15,E:\PROJECTS\Yael_Mishael\Rony\remote_computer backup\nnUNet4SoilXrayCT\05_evaluation\psd\pom_analysis_20260829_roi_expansion\pipeline_work\mishmar_second_8p8um\mishmar_second_8p8um_label_downsample.nii.gz,5,5,"473,273,673",200,2,0.218239375,y,original,ok,4.040431841492502,105.98645660001785,,"porespy3.0.4 tortuosity_fd default: openpnm3.6.3 PyamgRugeStubenSolver(tol=1e-8,maxiter=1000)"
Loess,mishmar_2_8p8um_label_ds15,E:\PROJECTS\Yael_Mishael\Rony\remote_computer backup\nnUNet4SoilXrayCT\05_evaluation\psd\pom_analysis_20260829_roi_expansion\pipeline_work\mishmar_second_8p8um\mishmar_second_8p8um_label_downsample.nii.gz,5,6,"473,473,273",200,0,0.243995,y,original,ok,3.2025862504620832,81.41135360021144,,"porespy3.0.4 tortuosity_fd default: openpnm3.6.3 PyamgRugeStubenSolver(tol=1e-8,maxiter=1000)"
Loess,mishmar_2_8p8um_label_ds15,E:\PROJECTS\Yael_Mishael\Rony\remote_computer backup\nnUNet4SoilXrayCT\05_evaluation\psd\pom_analysis_20260829_roi_expansion\pipeline_work\mishmar_second_8p8um\mishmar_second_8p8um_label_downsample.nii.gz,5,6,"473,473,273",200,1,0.243995,y,original,ok,3.438824296121068,89.17013629991561,,"porespy3.0.4 tortuosity_fd default: openpnm3.6.3 PyamgRugeStubenSolver(tol=1e-8,maxiter=1000)"
Loess,mishmar_2_8p8um_label_ds15,E:\PROJECTS\Yael_Mishael\Rony\remote_computer backup\nnUNet4SoilXrayCT\05_evaluation\psd\pom_analysis_20260829_roi_expansion\pipeline_work\mishmar_second_8p8um\mishmar_second_8p8um_label_downsample.nii.gz,5,6,"473,473,273",200,2,0.243995,y,original,ok,2.5616968548950356,89.57140550017357,,"porespy3.0.4 tortuosity_fd default: openpnm3.6.3 PyamgRugeStubenSolver(tol=1e-8,maxiter=1000)"
Loess,mishmar_2_8p8um_label_ds15,E:\PROJECTS\Yael_Mishael\Rony\remote_computer backup\nnUNet4SoilXrayCT\05_evaluation\psd\pom_analysis_20260829_roi_expansion\pipeline_work\mishmar_second_8p8um\mishmar_second_8p8um_label_downsample.nii.gz,5,7,"473,473,673",200,0,0.2627905,y,original,ok,3.7114746967717567,94.9298235999886,,"porespy3.0.4 tortuosity_fd default: openpnm3.6.3 PyamgRugeStubenSolver(tol=1e-8,maxiter=1000)"
Loess,mishmar_2_8p8um_label_ds15,E:\PROJECTS\Yael_Mishael\Rony\remote_computer backup\nnUNet4SoilXrayCT\05_evaluation\psd\pom_analysis_20260829_roi_expansion\pipeline_work\mishmar_second_8p8um\mishmar_second_8p8um_label_downsample.nii.gz,5,7,"473,473,673",200,1,0.2627905,y,original,timeout,,175.61151695251465,timeout>175.0s,"porespy3.0.4 tortuosity_fd default: openpnm3.6.3 PyamgRugeStubenSolver(tol=1e-8,maxiter=1000)"
Loess,mishmar_2_8p8um_label_ds15,E:\PROJECTS\Yael_Mishael\Rony\remote_computer backup\nnUNet4SoilXrayCT\05_evaluation\psd\pom_analysis_20260829_roi_expansion\pipeline_work\mishmar_second_8p8um\mishmar_second_8p8um_label_downsample.nii.gz,5,7,"473,473,673",200,2,0.2627905,y,original,ok,3.2359325284890286,93.55926690017805,,"porespy3.0.4 tortuosity_fd default: openpnm3.6.3 PyamgRugeStubenSolver(tol=1e-8,maxiter=1000)"
Loess,Cu011_samp_2,E:\PROJECTS\Yael_Mishael\Rony\remote_computer backup\nnUNet_resources\mishmar_hanegev_Cu011_samp_2_Rec_nlm\inference_output_concat_loess_i2\mishmar_hanegev_Cu011_samp_2_Rec_nlm.nii.gz,5,0,"25,25,11",200,0,0.232323,y,original,ok,2.5720732984298555,56.275509300176054,,"porespy3.0.4 tortuosity_fd default: openpnm3.6.3 PyamgRugeStubenSolver(tol=1e-8,maxiter=1000)"
Loess,Cu011_samp_2,E:\PROJECTS\Yael_Mishael\Rony\remote_computer backup\nnUNet_resources\mishmar_hanegev_Cu011_samp_2_Rec_nlm\inference_output_concat_loess_i2\mishmar_hanegev_Cu011_samp_2_Rec_nlm.nii.gz,5,0,"25,25,11",200,1,0.232323,y,original,ok,1.8261269044742852,115.16303699999116,,"porespy3.0.4 tortuosity_fd default: openpnm3.6.3 PyamgRugeStubenSolver(tol=1e-8,maxiter=1000)"
Loess,Cu011_samp_2,E:\PROJECTS\Yael_Mishael\Rony\remote_computer backup\nnUNet_resources\mishmar_hanegev_Cu011_samp_2_Rec_nlm\inference_output_concat_loess_i2\mishmar_hanegev_Cu011_samp_2_Rec_nlm.nii.gz,5,0,"25,25,11",200,2,0.232323,y,original,ok,37.65570937491702,80.00934790004976,,"porespy3.0.4 tortuosity_fd default: openpnm3.6.3 PyamgRugeStubenSolver(tol=1e-8,maxiter=1000)"
Loess,Cu011_samp_2,E:\PROJECTS\Yael_Mishael\Rony\remote_computer backup\nnUNet_resources\mishmar_hanegev_Cu011_samp_2_Rec_nlm\inference_output_concat_loess_i2\mishmar_hanegev_Cu011_samp_2_Rec_nlm.nii.gz,5,1,"25,225,211",200,0,0.22258375,y,original,ok,3.05397790732912,49.81640819995664,,"porespy3.0.4 tortuosity_fd default: openpnm3.6.3 PyamgRugeStubenSolver(tol=1e-8,maxiter=1000)"
Loess,Cu011_samp_2,E:\PROJECTS\Yael_Mishael\Rony\remote_computer backup\nnUNet_resources\mishmar_hanegev_Cu011_samp_2_Rec_nlm\inference_output_concat_loess_i2\mishmar_hanegev_Cu011_samp_2_Rec_nlm.nii.gz,5,1,"25,225,211",200,1,0.22258375,y,original,ok,3.5590220118146245,46.71480459999293,,"porespy3.0.4 tortuosity_fd default: openpnm3.6.3 PyamgRugeStubenSolver(tol=1e-8,maxiter=1000)"
Loess,Cu011_samp_2,E:\PROJECTS\Yael_Mishael\Rony\remote_computer backup\nnUNet_resources\mishmar_hanegev_Cu011_samp_2_Rec_nlm\inference_output_concat_loess_i2\mishmar_hanegev_Cu011_samp_2_Rec_nlm.nii.gz,5,1,"25,225,211",200,2,0.22258375,y,original,ok,3.976953006055122,58.1969418998342,,"porespy3.0.4 tortuosity_fd default: openpnm3.6.3 PyamgRugeStubenSolver(tol=1e-8,maxiter=1000)"
Loess,Cu011_samp_2,E:\PROJECTS\Yael_Mishael\Rony\remote_computer backup\nnUNet_resources\mishmar_hanegev_Cu011_samp_2_Rec_nlm\inference_output_concat_loess_i2\mishmar_hanegev_Cu011_samp_2_Rec_nlm.nii.gz,5,2,"25,425,411",200,0,0.31190125,y,original,ok,2.1384367023791104,62.96665129996836,,"porespy3.0.4 tortuosity_fd default: openpnm3.6.3 PyamgRugeStubenSolver(tol=1e-8,maxiter=1000)"
Loess,Cu011_samp_2,E:\PROJECTS\Yael_Mishael\Rony\remote_computer backup\nnUNet_resources\mishmar_hanegev_Cu011_samp_2_Rec_nlm\inference_output_concat_loess_i2\mishmar_hanegev_Cu011_samp_2_Rec_nlm.nii.gz,5,2,"25,425,411",200,1,0.31190125,y,original,ok,2.2055486739104206,64.37625449988991,,"porespy3.0.4 tortuosity_fd default: openpnm3.6.3 PyamgRugeStubenSolver(tol=1e-8,maxiter=1000)"
Loess,Cu011_samp_2,E:\PROJECTS\Yael_Mishael\Rony\remote_computer backup\nnUNet_resources\mishmar_hanegev_Cu011_samp_2_Rec_nlm\inference_output_concat_loess_i2\mishmar_hanegev_Cu011_samp_2_Rec_nlm.nii.gz,5,2,"25,425,411",200,2,0.31190125,y,original,ok,2.9334693174306135,74.58983629988506,,"porespy3.0.4 tortuosity_fd default: openpnm3.6.3 PyamgRugeStubenSolver(tol=1e-8,maxiter=1000)"
Loess,Cu011_samp_2,E:\PROJECTS\Yael_Mishael\Rony\remote_computer backup\nnUNet_resources\mishmar_hanegev_Cu011_samp_2_Rec_nlm\inference_output_concat_loess_i2\mishmar_hanegev_Cu011_samp_2_Rec_nlm.nii.gz,5,3,"225,25,611",200,0,0.231828375,y,original,ok,2.9603468492158753,58.48763380013406,,"porespy3.0.4 tortuosity_fd default: openpnm3.6.3 PyamgRugeStubenSolver(tol=1e-8,maxiter=1000)"
Loess,Cu011_samp_2,E:\PROJECTS\Yael_Mishael\Rony\remote_computer backup\nnUNet_resources\mishmar_hanegev_Cu011_samp_2_Rec_nlm\inference_output_concat_loess_i2\mishmar_hanegev_Cu011_samp_2_Rec_nlm.nii.gz,5,3,"225,25,611",200,1,0.231828375,y,original,ok,3.33826449336375,55.55423070001416,,"porespy3.0.4 tortuosity_fd default: openpnm3.6.3 PyamgRugeStubenSolver(tol=1e-8,maxiter=1000)"
Loess,Cu011_samp_2,E:\PROJECTS\Yael_Mishael\Rony\remote_computer backup\nnUNet_resources\mishmar_hanegev_Cu011_samp_2_Rec_nlm\inference_output_concat_loess_i2\mishmar_hanegev_Cu011_samp_2_Rec_nlm.nii.gz,5,3,"225,25,611",200,2,0.231828375,y,original,ok,4.023969456344413,76.21632050001062,,"porespy3.0.4 tortuosity_fd default: openpnm3.6.3 PyamgRugeStubenSolver(tol=1e-8,maxiter=1000)"
Loess,Cu011_samp_2,E:\PROJECTS\Yael_Mishael\Rony\remote_computer backup\nnUNet_resources\mishmar_hanegev_Cu011_samp_2_Rec_nlm\inference_output_concat_loess_i2\mishmar_hanegev_Cu011_samp_2_Rec_nlm.nii.gz,5,4,"225,425,11",200,0,0.320395,y,original,ok,2.381452463011896,73.1847607998643,,"porespy3.0.4 tortuosity_fd default: openpnm3.6.3 PyamgRugeStubenSolver(tol=1e-8,maxiter=1000)"
Loess,Cu011_samp_2,E:\PROJECTS\Yael_Mishael\Rony\remote_computer backup\nnUNet_resources\mishmar_hanegev_Cu011_samp_2_Rec_nlm\inference_output_concat_loess_i2\mishmar_hanegev_Cu011_samp_2_Rec_nlm.nii.gz,5,4,"225,425,11",200,1,0.320395,y,original,ok,1.995099563579549,81.62493849988095,,"porespy3.0.4 tortuosity_fd default: openpnm3.6.3 PyamgRugeStubenSolver(tol=1e-8,maxiter=1000)"
Loess,Cu011_samp_2,E:\PROJECTS\Yael_Mishael\Rony\remote_computer backup\nnUNet_resources\mishmar_hanegev_Cu011_samp_2_Rec_nlm\inference_output_concat_loess_i2\mishmar_hanegev_Cu011_samp_2_Rec_nlm.nii.gz,5,4,"225,425,11",200,2,0.320395,y,original,ok,2.8928884783653057,82.41136549995281,,"porespy3.0.4 tortuosity_fd default: openpnm3.6.3 PyamgRugeStubenSolver(tol=1e-8,maxiter=1000)"
Loess,Cu011_samp_2,E:\PROJECTS\Yael_Mishael\Rony\remote_computer backup\nnUNet_resources\mishmar_hanegev_Cu011_samp_2_Rec_nlm\inference_output_concat_loess_i2\mishmar_hanegev_Cu011_samp_2_Rec_nlm.nii.gz,5,5,"425,25,211",200,0,0.2848535,y,original,ok,2.224242519554087,57.396739500109106,,"porespy3.0.4 tortuosity_fd default: openpnm3.6.3 PyamgRugeStubenSolver(tol=1e-8,maxiter=1000)"
Loess,Cu011_samp_2,E:\PROJECTS\Yael_Mishael\Rony\remote_computer backup\nnUNet_resources\mishmar_hanegev_Cu011_samp_2_Rec_nlm\inference_output_concat_loess_i2\mishmar_hanegev_Cu011_samp_2_Rec_nlm.nii.gz,5,5,"425,25,211",200,1,0.2848535,y,original,ok,2.995030723812389,58.26081460015848,,"porespy3.0.4 tortuosity_fd default: openpnm3.6.3 PyamgRugeStubenSolver(tol=1e-8,maxiter=1000)"
Loess,Cu011_samp_2,E:\PROJECTS\Yael_Mishael\Rony\remote_computer backup\nnUNet_resources\mishmar_hanegev_Cu011_samp_2_Rec_nlm\inference_output_concat_loess_i2\mishmar_hanegev_Cu011_samp_2_Rec_nlm.nii.gz,5,5,"425,25,211",200,2,0.2848535,y,original,ok,4.3523387913763845,66.97501409985125,,"porespy3.0.4 tortuosity_fd default: openpnm3.6.3 PyamgRugeStubenSolver(tol=1e-8,maxiter=1000)"
Loess,Cu011_samp_2,E:\PROJECTS\Yael_Mishael\Rony\remote_computer backup\nnUNet_resources\mishmar_hanegev_Cu011_samp_2_Rec_nlm\inference_output_concat_loess_i2\mishmar_hanegev_Cu011_samp_2_Rec_nlm.nii.gz,5,6,"425,225,411",200,0,0.26391575,y,original,ok,3.622951440744774,60.27273459988646,,"porespy3.0.4 tortuosity_fd default: openpnm3.6.3 PyamgRugeStubenSolver(tol=1e-8,maxiter=1000)"
Loess,Cu011_samp_2,E:\PROJECTS\Yael_Mishael\Rony\remote_computer backup\nnUNet_resources\mishmar_hanegev_Cu011_samp_2_Rec_nlm\inference_output_concat_loess_i2\mishmar_hanegev_Cu011_samp_2_Rec_nlm.nii.gz,5,6,"425,225,411",200,1,0.26391575,y,original,ok,2.7489548132664523,60.59334010002203,,"porespy3.0.4 tortuosity_fd default: openpnm3.6.3 PyamgRugeStubenSolver(tol=1e-8,maxiter=1000)"
Loess,Cu011_samp_2,E:\PROJECTS\Yael_Mishael\Rony\remote_computer backup\nnUNet_resources\mishmar_hanegev_Cu011_samp_2_Rec_nlm\inference_output_concat_loess_i2\mishmar_hanegev_Cu011_samp_2_Rec_nlm.nii.gz,5,6,"425,225,411",200,2,0.26391575,y,original,ok,2.740452664261329,63.64280980010517,,"porespy3.0.4 tortuosity_fd default: openpnm3.6.3 PyamgRugeStubenSolver(tol=1e-8,maxiter=1000)"
Loess,Cu011_samp_2,E:\PROJECTS\Yael_Mishael\Rony\remote_computer backup\nnUNet_resources\mishmar_hanegev_Cu011_samp_2_Rec_nlm\inference_output_concat_loess_i2\mishmar_hanegev_Cu011_samp_2_Rec_nlm.nii.gz,5,7,"425,425,611",200,0,0.208463,y,original,ok,3.0931297464350784,60.029685699846596,,"porespy3.0.4 tortuosity_fd default: openpnm3.6.3 PyamgRugeStubenSolver(tol=1e-8,maxiter=1000)"
Loess,Cu011_samp_2,E:\PROJECTS\Yael_Mishael\Rony\remote_computer backup\nnUNet_resources\mishmar_hanegev_Cu011_samp_2_Rec_nlm\inference_output_concat_loess_i2\mishmar_hanegev_Cu011_samp_2_Rec_nlm.nii.gz,5,7,"425,425,611",200,1,0.208463,y,original,ok,5.462873707699807,52.89075499982573,,"porespy3.0.4 tortuosity_fd default: openpnm3.6.3 PyamgRugeStubenSolver(tol=1e-8,maxiter=1000)"
Loess,Cu011_samp_2,E:\PROJECTS\Yael_Mishael\Rony\remote_computer backup\nnUNet_resources\mishmar_hanegev_Cu011_samp_2_Rec_nlm\inference_output_concat_loess_i2\mishmar_hanegev_Cu011_samp_2_Rec_nlm.nii.gz,5,7,"425,425,611",200,2,0.208463,y,original,ok,2.7803372903753845,49.997350400080904,,"porespy3.0.4 tortuosity_fd default: openpnm3.6.3 PyamgRugeStubenSolver(tol=1e-8,maxiter=1000)"
Sand,Rehovot_samp2_highkV_Cu0.11_15um,E:\PROJECTS\Yael_Mishael\Rony\remote_computer backup\10.5\rehovot_samp_2.npy,1,0,"25,25,25",200,0,0.3334875,y,original,ok,3.532024515209674,67.0913903999608,,"porespy3.0.4 tortuosity_fd default: openpnm3.6.3 PyamgRugeStubenSolver(tol=1e-8,maxiter=1000)"
Sand,Rehovot_samp2_highkV_Cu0.11_15um,E:\PROJECTS\Yael_Mishael\Rony\remote_computer backup\10.5\rehovot_samp_2.npy,1,0,"25,25,25",200,1,0.3334875,y,original,ok,3.1448140165317104,65.82369320001453,,"porespy3.0.4 tortuosity_fd default: openpnm3.6.3 PyamgRugeStubenSolver(tol=1e-8,maxiter=1000)"
Sand,Rehovot_samp2_highkV_Cu0.11_15um,E:\PROJECTS\Yael_Mishael\Rony\remote_computer backup\10.5\rehovot_samp_2.npy,1,0,"25,25,25",200,2,0.3334875,y,original,ok,3.0722746775230805,66.85707330005243,,"porespy3.0.4 tortuosity_fd default: openpnm3.6.3 PyamgRugeStubenSolver(tol=1e-8,maxiter=1000)"
Sand,Rehovot_samp2_highkV_Cu0.11_15um,E:\PROJECTS\Yael_Mishael\Rony\remote_computer backup\10.5\rehovot_samp_2.npy,1,1,"25,225,225",200,0,0.241687875,y,original,ok,6.2335386108436355,48.96835280000232,,"porespy3.0.4 tortuosity_fd default: openpnm3.6.3 PyamgRugeStubenSolver(tol=1e-8,maxiter=1000)"
Sand,Rehovot_samp2_highkV_Cu0.11_15um,E:\PROJECTS\Yael_Mishael\Rony\remote_computer backup\10.5\rehovot_samp_2.npy,1,1,"25,225,225",200,1,0.241687875,y,original,ok,4.347142289849936,63.061465200036764,,"porespy3.0.4 tortuosity_fd default: openpnm3.6.3 PyamgRugeStubenSolver(tol=1e-8,maxiter=1000)"
Sand,Rehovot_samp2_highkV_Cu0.11_15um,E:\PROJECTS\Yael_Mishael\Rony\remote_computer backup\10.5\rehovot_samp_2.npy,1,1,"25,225,225",200,2,0.241687875,y,original,ok,3.6995234094329343,75.83927500015125,,"porespy3.0.4 tortuosity_fd default: openpnm3.6.3 PyamgRugeStubenSolver(tol=1e-8,maxiter=1000)"
Sand,Rehovot_samp2_highkV_Cu0.11_15um,E:\PROJECTS\Yael_Mishael\Rony\remote_computer backup\10.5\rehovot_samp_2.npy,1,2,"25,425,225",200,0,0.369542,y,original,ok,2.3660430630894616,80.68413439998403,,"porespy3.0.4 tortuosity_fd default: openpnm3.6.3 PyamgRugeStubenSolver(tol=1e-8,maxiter=1000)"
Sand,Rehovot_samp2_highkV_Cu0.11_15um,E:\PROJECTS\Yael_Mishael\Rony\remote_computer backup\10.5\rehovot_samp_2.npy,1,2,"25,425,225",200,1,0.369542,y,original,ok,2.976932766600735,70.22913799993694,,"porespy3.0.4 tortuosity_fd default: openpnm3.6.3 PyamgRugeStubenSolver(tol=1e-8,maxiter=1000)"
Sand,Rehovot_samp2_highkV_Cu0.11_15um,E:\PROJECTS\Yael_Mishael\Rony\remote_computer backup\10.5\rehovot_samp_2.npy,1,2,"25,425,225",200,2,0.369542,y,original,ok,2.5571408201381103,74.49734899983741,,"porespy3.0.4 tortuosity_fd default: openpnm3.6.3 PyamgRugeStubenSolver(tol=1e-8,maxiter=1000)"
Sand,Rehovot_samp2_highkV_Cu0.11_15um,E:\PROJECTS\Yael_Mishael\Rony\remote_computer backup\10.5\rehovot_samp_2.npy,1,3,"225,25,425",200,0,0.265673375,y,original,ok,5.789799077526619,69.97368180006742,,"porespy3.0.4 tortuosity_fd default: openpnm3.6.3 PyamgRugeStubenSolver(tol=1e-8,maxiter=1000)"
Sand,Rehovot_samp2_highkV_Cu0.11_15um,E:\PROJECTS\Yael_Mishael\Rony\remote_computer backup\10.5\rehovot_samp_2.npy,1,3,"225,25,425",200,1,0.265673375,y,original,ok,4.4493289683320425,66.12537249992602,,"porespy3.0.4 tortuosity_fd default: openpnm3.6.3 PyamgRugeStubenSolver(tol=1e-8,maxiter=1000)"
Sand,Rehovot_samp2_highkV_Cu0.11_15um,E:\PROJECTS\Yael_Mishael\Rony\remote_computer backup\10.5\rehovot_samp_2.npy,1,3,"225,25,425",200,2,0.265673375,y,original,ok,3.6876221234889353,58.933548900065944,,"porespy3.0.4 tortuosity_fd default: openpnm3.6.3 PyamgRugeStubenSolver(tol=1e-8,maxiter=1000)"
Sand,Rehovot_samp2_highkV_Cu0.11_15um,E:\PROJECTS\Yael_Mishael\Rony\remote_computer backup\10.5\rehovot_samp_2.npy,1,4,"225,425,25",200,0,0.278088375,y,original,ok,4.615643988875799,63.13508819998242,,"porespy3.0.4 tortuosity_fd default: openpnm3.6.3 PyamgRugeStubenSolver(tol=1e-8,maxiter=1000)"
Sand,Rehovot_samp2_highkV_Cu0.11_15um,E:\PROJECTS\Yael_Mishael\Rony\remote_computer backup\10.5\rehovot_samp_2.npy,1,4,"225,425,25",200,1,0.278088375,y,original,ok,4.061666089519695,65.68378870002925,,"porespy3.0.4 tortuosity_fd default: openpnm3.6.3 PyamgRugeStubenSolver(tol=1e-8,maxiter=1000)"
Sand,Rehovot_samp2_highkV_Cu0.11_15um,E:\PROJECTS\Yael_Mishael\Rony\remote_computer backup\10.5\rehovot_samp_2.npy,1,4,"225,425,25",200,2,0.278088375,y,original,ok,3.913093455471443,57.26745559996925,,"porespy3.0.4 tortuosity_fd default: openpnm3.6.3 PyamgRugeStubenSolver(tol=1e-8,maxiter=1000)"
Sand,Rehovot_samp2_highkV_Cu0.11_15um,E:\PROJECTS\Yael_Mishael\Rony\remote_computer backup\10.5\rehovot_samp_2.npy,1,5,"425,25,225",200,0,0.336931875,y,original,ok,3.0281171128400177,63.62237960007042,,"porespy3.0.4 tortuosity_fd default: openpnm3.6.3 PyamgRugeStubenSolver(tol=1e-8,maxiter=1000)"
Sand,Rehovot_samp2_highkV_Cu0.11_15um,E:\PROJECTS\Yael_Mishael\Rony\remote_computer backup\10.5\rehovot_samp_2.npy,1,5,"425,25,225",200,1,0.336931875,y,original,ok,3.345077137152543,71.18726559984498,,"porespy3.0.4 tortuosity_fd default: openpnm3.6.3 PyamgRugeStubenSolver(tol=1e-8,maxiter=1000)"
Sand,Rehovot_samp2_highkV_Cu0.11_15um,E:\PROJECTS\Yael_Mishael\Rony\remote_computer backup\10.5\rehovot_samp_2.npy,1,5,"425,25,225",200,2,0.336931875,y,original,ok,2.5846817486513047,96.63617359986529,,"porespy3.0.4 tortuosity_fd default: openpnm3.6.3 PyamgRugeStubenSolver(tol=1e-8,maxiter=1000)"
Sand,Rehovot_samp2_highkV_Cu0.11_15um,E:\PROJECTS\Yael_Mishael\Rony\remote_computer backup\10.5\rehovot_samp_2.npy,1,6,"425,225,225",200,0,0.32419575,y,original,ok,3.135293428571141,67.73177090007812,,"porespy3.0.4 tortuosity_fd default: openpnm3.6.3 PyamgRugeStubenSolver(tol=1e-8,maxiter=1000)"
Sand,Rehovot_samp2_highkV_Cu0.11_15um,E:\PROJECTS\Yael_Mishael\Rony\remote_computer backup\10.5\rehovot_samp_2.npy,1,6,"425,225,225",200,1,0.32419575,y,original,ok,3.005950565433447,65.74277650006115,,"porespy3.0.4 tortuosity_fd default: openpnm3.6.3 PyamgRugeStubenSolver(tol=1e-8,maxiter=1000)"
Sand,Rehovot_samp2_highkV_Cu0.11_15um,E:\PROJECTS\Yael_Mishael\Rony\remote_computer backup\10.5\rehovot_samp_2.npy,1,6,"425,225,225",200,2,0.32419575,y,original,ok,2.8200596060655165,63.83821800001897,,"porespy3.0.4 tortuosity_fd default: openpnm3.6.3 PyamgRugeStubenSolver(tol=1e-8,maxiter=1000)"
Sand,Rehovot_samp2_highkV_Cu0.11_15um,E:\PROJECTS\Yael_Mishael\Rony\remote_computer backup\10.5\rehovot_samp_2.npy,1,7,"425,425,425",200,0,0.354556125,y,original,ok,3.0981053165619303,67.48576890002005,,"porespy3.0.4 tortuosity_fd default: openpnm3.6.3 PyamgRugeStubenSolver(tol=1e-8,maxiter=1000)"
Sand,Rehovot_samp2_highkV_Cu0.11_15um,E:\PROJECTS\Yael_Mishael\Rony\remote_computer backup\10.5\rehovot_samp_2.npy,1,7,"425,425,425",200,1,0.354556125,y,original,ok,2.7780209699251377,68.6345367000904,,"porespy3.0.4 tortuosity_fd default: openpnm3.6.3 PyamgRugeStubenSolver(tol=1e-8,maxiter=1000)"
Sand,Rehovot_samp2_highkV_Cu0.11_15um,E:\PROJECTS\Yael_Mishael\Rony\remote_computer backup\10.5\rehovot_samp_2.npy,1,7,"425,425,425",200,2,0.354556125,y,original,ok,2.564377667292342,65.30210730014369,,"porespy3.0.4 tortuosity_fd default: openpnm3.6.3 PyamgRugeStubenSolver(tol=1e-8,maxiter=1000)"
Sand,Rehovot_samp3_highkV_Cu0.11_15um,E:\PROJECTS\Yael_Mishael\Rony\remote_computer backup\10.5\Rehovot_samp3_highkV_Cu0.11_15um.npy,1,0,"25,25,25",200,0,0.394739375,y,original,ok,2.4770925131940684,76.1417671001982,,"porespy3.0.4 tortuosity_fd default: openpnm3.6.3 PyamgRugeStubenSolver(tol=1e-8,maxiter=1000)"
Sand,Rehovot_samp3_highkV_Cu0.11_15um,E:\PROJECTS\Yael_Mishael\Rony\remote_computer backup\10.5\Rehovot_samp3_highkV_Cu0.11_15um.npy,1,0,"25,25,25",200,1,0.394739375,y,original,ok,2.0549727611506494,77.50680020009167,,"porespy3.0.4 tortuosity_fd default: openpnm3.6.3 PyamgRugeStubenSolver(tol=1e-8,maxiter=1000)"
Sand,Rehovot_samp3_highkV_Cu0.11_15um,E:\PROJECTS\Yael_Mishael\Rony\remote_computer backup\10.5\Rehovot_samp3_highkV_Cu0.11_15um.npy,1,0,"25,25,25",200,2,0.394739375,y,original,ok,2.0613332412126097,72.64950439985842,,"porespy3.0.4 tortuosity_fd default: openpnm3.6.3 PyamgRugeStubenSolver(tol=1e-8,maxiter=1000)"
Sand,Rehovot_samp3_highkV_Cu0.11_15um,E:\PROJECTS\Yael_Mishael\Rony\remote_computer backup\10.5\Rehovot_samp3_highkV_Cu0.11_15um.npy,1,1,"25,225,225",200,0,0.45329825,y,original,ok,1.9485665197667106,80.58464609994553,,"porespy3.0.4 tortuosity_fd default: openpnm3.6.3 PyamgRugeStubenSolver(tol=1e-8,maxiter=1000)"
Sand,Rehovot_samp3_highkV_Cu0.11_15um,E:\PROJECTS\Yael_Mishael\Rony\remote_computer backup\10.5\Rehovot_samp3_highkV_Cu0.11_15um.npy,1,1,"25,225,225",200,1,0.45329825,y,original,ok,1.9858640671971273,86.0419169999659,,"porespy3.0.4 tortuosity_fd default: openpnm3.6.3 PyamgRugeStubenSolver(tol=1e-8,maxiter=1000)"
Sand,Rehovot_samp3_highkV_Cu0.11_15um,E:\PROJECTS\Yael_Mishael\Rony\remote_computer backup\10.5\Rehovot_samp3_highkV_Cu0.11_15um.npy,1,1,"25,225,225",200,2,0.45329825,y,original,ok,1.8203445589381742,82.04364019981585,,"porespy3.0.4 tortuosity_fd default: openpnm3.6.3 PyamgRugeStubenSolver(tol=1e-8,maxiter=1000)"
Sand,Rehovot_samp3_highkV_Cu0.11_15um,E:\PROJECTS\Yael_Mishael\Rony\remote_computer backup\10.5\Rehovot_samp3_highkV_Cu0.11_15um.npy,1,2,"25,425,225",200,0,0.405357,y,original,ok,2.3401324492350466,79.039977400098,,"porespy3.0.4 tortuosity_fd default: openpnm3.6.3 PyamgRugeStubenSolver(tol=1e-8,maxiter=1000)"
Sand,Rehovot_samp3_highkV_Cu0.11_15um,E:\PROJECTS\Yael_Mishael\Rony\remote_computer backup\10.5\Rehovot_samp3_highkV_Cu0.11_15um.npy,1,2,"25,425,225",200,1,0.405357,y,original,ok,2.2001807789089916,76.19652389991097,,"porespy3.0.4 tortuosity_fd default: openpnm3.6.3 PyamgRugeStubenSolver(tol=1e-8,maxiter=1000)"
Sand,Rehovot_samp3_highkV_Cu0.11_15um,E:\PROJECTS\Yael_Mishael\Rony\remote_computer backup\10.5\Rehovot_samp3_highkV_Cu0.11_15um.npy,1,2,"25,425,225",200,2,0.405357,y,original,ok,2.017882170501466,73.79053479991853,,"porespy3.0.4 tortuosity_fd default: openpnm3.6.3 PyamgRugeStubenSolver(tol=1e-8,maxiter=1000)"
Sand,Rehovot_samp3_highkV_Cu0.11_15um,E:\PROJECTS\Yael_Mishael\Rony\remote_computer backup\10.5\Rehovot_samp3_highkV_Cu0.11_15um.npy,1,3,"225,25,425",200,0,0.40073825,y,original,ok,2.4773852602835875,71.70369440014474,,"porespy3.0.4 tortuosity_fd default: openpnm3.6.3 PyamgRugeStubenSolver(tol=1e-8,maxiter=1000)"
Sand,Rehovot_samp3_highkV_Cu0.11_15um,E:\PROJECTS\Yael_Mishael\Rony\remote_computer backup\10.5\Rehovot_samp3_highkV_Cu0.11_15um.npy,1,3,"225,25,425",200,1,0.40073825,y,original,ok,2.0585523425213825,72.92529280018061,,"porespy3.0.4 tortuosity_fd default: openpnm3.6.3 PyamgRugeStubenSolver(tol=1e-8,maxiter=1000)"
Sand,Rehovot_samp3_highkV_Cu0.11_15um,E:\PROJECTS\Yael_Mishael\Rony\remote_computer backup\10.5\Rehovot_samp3_highkV_Cu0.11_15um.npy,1,3,"225,25,425",200,2,0.40073825,y,original,ok,1.9518584276266702,70.4577174000442,,"porespy3.0.4 tortuosity_fd default: openpnm3.6.3 PyamgRugeStubenSolver(tol=1e-8,maxiter=1000)"
Sand,Rehovot_samp3_highkV_Cu0.11_15um,E:\PROJECTS\Yael_Mishael\Rony\remote_computer backup\10.5\Rehovot_samp3_highkV_Cu0.11_15um.npy,1,4,"225,425,25",200,0,0.425219,y,original,ok,2.241000212107705,81.94438840006478,,"porespy3.0.4 tortuosity_fd default: openpnm3.6.3 PyamgRugeStubenSolver(tol=1e-8,maxiter=1000)"
Sand,Rehovot_samp3_highkV_Cu0.11_15um,E:\PROJECTS\Yael_Mishael\Rony\remote_computer backup\10.5\Rehovot_samp3_highkV_Cu0.11_15um.npy,1,4,"225,425,25",200,1,0.425219,y,original,ok,2.0836258550865585,77.54917389992625,,"porespy3.0.4 tortuosity_fd default: openpnm3.6.3 PyamgRugeStubenSolver(tol=1e-8,maxiter=1000)"
Sand,Rehovot_samp3_highkV_Cu0.11_15um,E:\PROJECTS\Yael_Mishael\Rony\remote_computer backup\10.5\Rehovot_samp3_highkV_Cu0.11_15um.npy,1,4,"225,425,25",200,2,0.425219,y,original,ok,1.8897174904317184,85.39049630006775,,"porespy3.0.4 tortuosity_fd default: openpnm3.6.3 PyamgRugeStubenSolver(tol=1e-8,maxiter=1000)"
Sand,Rehovot_samp3_highkV_Cu0.11_15um,E:\PROJECTS\Yael_Mishael\Rony\remote_computer backup\10.5\Rehovot_samp3_highkV_Cu0.11_15um.npy,1,5,"425,25,225",200,0,0.44913075,y,original,ok,2.134239980064428,83.13474670005962,,"porespy3.0.4 tortuosity_fd default: openpnm3.6.3 PyamgRugeStubenSolver(tol=1e-8,maxiter=1000)"
Sand,Rehovot_samp3_highkV_Cu0.11_15um,E:\PROJECTS\Yael_Mishael\Rony\remote_computer backup\10.5\Rehovot_samp3_highkV_Cu0.11_15um.npy,1,5,"425,25,225",200,1,0.44913075,y,original,ok,2.032238009591865,81.70690420013852,,"porespy3.0.4 tortuosity_fd default: openpnm3.6.3 PyamgRugeStubenSolver(tol=1e-8,maxiter=1000)"
Sand,Rehovot_samp3_highkV_Cu0.11_15um,E:\PROJECTS\Yael_Mishael\Rony\remote_computer backup\10.5\Rehovot_samp3_highkV_Cu0.11_15um.npy,1,5,"425,25,225",200,2,0.44913075,y,original,ok,1.812440388169156,78.4353434999939,,"porespy3.0.4 tortuosity_fd default: openpnm3.6.3 PyamgRugeStubenSolver(tol=1e-8,maxiter=1000)"
Sand,Rehovot_samp3_highkV_Cu0.11_15um,E:\PROJECTS\Yael_Mishael\Rony\remote_computer backup\10.5\Rehovot_samp3_highkV_Cu0.11_15um.npy,1,6,"425,225,225",200,0,0.520888625,y,original,ok,1.8983599447406383,124.69208660000004,,"porespy3.0.4 tortuosity_fd default: openpnm3.6.3 PyamgRugeStubenSolver(tol=1e-8,maxiter=1000)"
Sand,Rehovot_samp3_highkV_Cu0.11_15um,E:\PROJECTS\Yael_Mishael\Rony\remote_computer backup\10.5\Rehovot_samp3_highkV_Cu0.11_15um.npy,1,6,"425,225,225",200,1,0.520888625,y,original,ok,1.8083425186559272,105.54977259994484,,"porespy3.0.4 tortuosity_fd default: openpnm3.6.3 PyamgRugeStubenSolver(tol=1e-8,maxiter=1000)"
Sand,Rehovot_samp3_highkV_Cu0.11_15um,E:\PROJECTS\Yael_Mishael\Rony\remote_computer backup\10.5\Rehovot_samp3_highkV_Cu0.11_15um.npy,1,6,"425,225,225",200,2,0.520888625,y,original,ok,1.5618211977976229,104.85880229994655,,"porespy3.0.4 tortuosity_fd default: openpnm3.6.3 PyamgRugeStubenSolver(tol=1e-8,maxiter=1000)"
Sand,Rehovot_samp3_highkV_Cu0.11_15um,E:\PROJECTS\Yael_Mishael\Rony\remote_computer backup\10.5\Rehovot_samp3_highkV_Cu0.11_15um.npy,1,7,"425,425,425",200,0,0.335859875,y,original,ok,7.827515072557475,109.20996570005082,,"porespy3.0.4 tortuosity_fd default: openpnm3.6.3 PyamgRugeStubenSolver(tol=1e-8,maxiter=1000)"
Sand,Rehovot_samp3_highkV_Cu0.11_15um,E:\PROJECTS\Yael_Mishael\Rony\remote_computer backup\10.5\Rehovot_samp3_highkV_Cu0.11_15um.npy,1,7,"425,425,425",200,1,0.335859875,y,original,ok,2.1236893509505705,78.343633600045,,"porespy3.0.4 tortuosity_fd default: openpnm3.6.3 PyamgRugeStubenSolver(tol=1e-8,maxiter=1000)"
Sand,Rehovot_samp3_highkV_Cu0.11_15um,E:\PROJECTS\Yael_Mishael\Rony\remote_computer backup\10.5\Rehovot_samp3_highkV_Cu0.11_15um.npy,1,7,"425,425,425",200,2,0.335859875,y,original,ok,2.0510055769198225,64.67589240008965,,"porespy3.0.4 tortuosity_fd default: openpnm3.6.3 PyamgRugeStubenSolver(tol=1e-8,maxiter=1000)"
