r_um,r_px,chi,n_pore_voxels_at_r
2.0,0.13302863567760165,-70319,112178509
2.4603431224823,0.16364804444129535,-70319,112178509
3.026643991470337,0.20131516043355474,-70319,112178509
3.7232911586761475,0.24765217153458224,-70319,112178509
4.580286502838135,0.3046546322425452,-70319,112178509
5.634538173675537,0.374777462958711,-70319,112178509
6.931448459625244,0.46104056592677983,-70319,112178509
8.526870727539062,0.5671589897419,-70319,112178509
10.489513397216797,0.6977028280768374,-70319,112178509
12.903900146484375,0.8582941157034102,-70319,112178509
15.874010086059569,1.0558489522404961,-70319,112178509
19.527755737304688,1.2988753517895502,-70319,112178509
24.022489547729492,1.59783950505695,-70319,112178509
29.551780700683594,1.9656165342278087,-70319,112178509
30.0,1.9954295351640245,-70319,112178509
36.353759765625,2.4180455316861904,-66902,111305832
44.72135925292969,2.9746107035325613,-61216,108948468
55.01494216918945,3.6592813493247136,-60277,108739341
67.67781829833984,4.501543916932387,-43161,99094413
83.25531768798828,5.537670662469188,-37733,97474249
102.41832733154297,6.81228517664859,-13389,77947193
125.99210357666016,8.380278822477088,-2160,59593272
150.0,9.977147675820124,283,49328395
154.9918975830078,10.309180338275047,1650,39100428
190.6666259765625,12.682060561456835,1155,24107796
234.55264282226562,15.6011090346109,232,13288285
288.53997802734375,19.192039807711346,98,6281571
354.95367431640625,23.609501511531636,56,2492554
436.6539001464844,29.043736299895258,17,549586
537.1591796875,35.728776407763895,4,87429
660.7979125976562,43.952522385736636,0,0
812.894775390625,54.069141459832636,0,0
1000.0,66.51431783880082,0,0
