r_um,r_px,euler_number,connectivity_density_per_mm3,n_voxels_ge_r
2.0,0.13333333333333333,-53704,57.941907314688386,83756017
2.4603431224823,0.16402287483215333,-53704,57.941907314688386,83756017
3.026643991470337,0.20177626609802246,-53704,57.941907314688386,83756017
3.7232911586761475,0.24821941057840982,-53704,57.941907314688386,83756017
4.580286502838135,0.3053524335225423,-53704,57.941907314688386,83756017
5.634538173675537,0.3756358782450358,-53704,57.941907314688386,83756017
6.931448459625244,0.46209656397501625,-53704,57.941907314688386,83756017
8.526870727539062,0.5684580485026042,-53704,57.941907314688386,83756017
10.489513397216797,0.6993008931477864,-53704,57.941907314688386,83756017
12.903900146484375,0.860260009765625,-53704,57.941907314688386,83756017
15.87401008605957,1.058267339070638,-53704,57.941907314688386,83756017
19.527755737304688,1.3018503824869792,-53704,57.941907314688386,83756017
24.022489547729492,1.6014993031819662,-53704,57.941907314688386,83756017
29.551780700683594,1.9701187133789062,-53704,57.941907314688386,83756017
30.0,2.0,-53704,57.941907314688386,83756017
36.353759765625,2.423583984375,-49778,53.706097540417076,83110319
44.72135925292969,2.9814239501953126,-43873,47.33512028186585,81465028
55.01494216918945,3.667662811279297,-43894,47.35777744061768,81332565
67.67781829833984,4.511854553222657,-25415,27.420556651325885,73325664
83.25531768798828,5.550354512532552,-21254,22.931202481498342,71912806
102.41832733154297,6.827888488769531,1729,-1.8654394039009425,53386672
125.99210357666016,8.399473571777344,7650,-8.25367925959642,34860999
150.0,10.0,5423,-5.850941519580574,24900584
154.9918975830078,10.332793172200521,4283,-4.620981473052479,17457871
190.6666259765625,12.7111083984375,1228,-1.3249043308214907,8013038
234.55264282226562,15.636842854817708,255,-0.27512264198654734,3497990
288.53997802734375,19.23599853515625,59,-0.06365582696943645,1506497
354.95367431640625,23.663578287760416,12,-0.012946947858190463,678084
436.6539001464844,29.110260009765625,5,-0.00539456160757936,141089
537.1591796875,35.810611979166666,1,-0.0010789123215158719,24405
660.7979125976562,44.05319417317708,0,0.0,0
812.894775390625,54.19298502604167,0,0.0,0
1000.0000000000001,66.66666666666667,0,0.0,0
