Diameter_px,Diameter_um,Volume_Count,Cumulative_Porosity,Differential_PSD,Surface_Area_um2,Euler_Number,Connectivity_Density_per_mm3,Connectivity_Probability_Gamma,Degree_of_Anisotropy,Tortuosity_Axis0,Tortuosity_Axis1,Tortuosity_Axis2,PSD_30_150um_Volume_Fraction
0.14833834005944851,2.2301715612411503,0,0.0,0.0,477889665.22979003,-70319,75.34909496237606,0.9973771545100923,0.17007982438198144,2.516460494160824,2.1064825072299187,1.9081067124683735,0.5603262820477288
0.18248160243742506,2.7434935569763184,0,0.0,0.0,1380716816.684166,-70319,75.34909496237606,0.9973771545100923,0.17007982438198144,2.516460494160824,2.1064825072299187,1.9081067124683735,0.5603262820477288
0.2244836659840685,3.374967575073242,0,0.0,0.0,113527565.13289699,-70319,75.34909496237606,0.9973771545100923,0.17007982438198144,2.516460494160824,2.1064825072299187,1.9081067124683735,0.5603262820477288
0.27615340188856374,4.151788830757141,0,0.0,0.0,4632052763.658312,-70319,75.34909496237606,0.9973771545100923,0.17007982438198144,2.516460494160824,2.1064825072299187,1.9081067124683735,0.5603262820477288
0.3397160476006281,5.107412338256837,0,0.0,0.0,828195836.6238002,-70319,75.34909496237606,0.9973771545100923,0.17007982438198144,2.516460494160824,2.1064825072299187,1.9081067124683735,0.5603262820477288
0.4179090144427454,6.282993316650391,0,0.0,0.0,7905231447.566254,-70319,75.34909496237606,0.9973771545100923,0.17007982438198144,2.516460494160824,2.1064825072299187,1.9081067124683735,0.5603262820477288
0.5140997778343399,7.729159593582153,0,0.0,0.0,6474392813.738417,-70319,75.34909496237606,0.9973771545100923,0.17007982438198144,2.516460494160824,2.1064825072299187,1.9081067124683735,0.5603262820477288
0.6324309089093687,9.50819206237793,0,0.0,0.0,4900556847.363752,-70319,75.34909496237606,0.9973771545100923,0.17007982438198144,2.516460494160824,2.1064825072299187,1.9081067124683735,0.5603262820477288
0.7779984718901238,11.696706771850586,0,0.0,0.0,2844546990.179276,-70319,75.34909496237606,0.9973771545100923,0.17007982438198144,2.516460494160824,2.1064825072299187,1.9081067124683735,0.5603262820477288
0.9570715339719531,14.38895511627197,0,0.0,0.0,1417628857.2264187,-70319,75.34909496237606,0.9973771545100923,0.17007982438198144,2.516460494160824,2.1064825072299187,1.9081067124683735,0.5603262820477288
1.1773621520150233,17.70088291168213,0,0.0,0.0,764320410.5517172,-70319,75.34909496237606,0.9973771545100923,0.17007982438198144,2.516460494160824,2.1064825072299187,1.9081067124683735,0.5603262820477288
1.44835742842325,21.77512264251709,0,0.0,0.0,319894988.7788553,-70319,75.34909496237606,0.9973771545100923,0.17007982438198144,2.516460494160824,2.1064825072299187,1.9081067124683735,0.5603262820477288
1.7817280196423795,26.787135124206547,0,0.0,0.0,106437047.66549131,-70319,75.34909496237606,0.9973771545100923,0.17007982438198144,2.516460494160824,2.1064825072299187,1.9081067124683735,0.5603262820477288
1.9805230346959166,29.775890350341797,0,0.0,0.0,6803205.659416778,-70319,75.34909496237606,0.9973771545100923,0.17007982438198144,2.516460494160824,2.1064825072299187,1.9081067124683735,0.5603262820477288
2.2067375334251076,33.1768798828125,861055,0.007735591689551311,0.0012174825575562793,19985748.690727353,-70319,75.34909496237606,0.9973771545100923,0.17007982438198144,2.516460494160824,2.1064825072299187,1.9081067124683735,0.5603262820477288
2.696328117609376,40.537559509277344,2338222,0.02874183481168177,0.0025104264555206196,1928934.5088647131,-70319,75.34909496237606,0.9973771545100923,0.17007982438198144,2.516460494160824,2.1064825072299187,1.9081067124683735,0.5603262820477288
3.3169460264286377,49.86815071105957,207547,0.030606406585135623,0.00018113923874927648,nan,-70319,75.34909496237606,0.9973771545100923,0.17007982438198144,2.516460494160824,2.1064825072299187,1.9081067124683735,0.5603262820477288
4.08041263312855,61.346380233764656,9556526,0.1164608329650777,0.006780009968059479,nan,-70319,75.34909496237606,0.9973771545100923,0.17007982438198144,2.516460494160824,2.1064825072299187,1.9081067124683735,0.5603262820477288
5.0196072897007875,75.46656799316406,1610161,0.1309262829658786,0.0009286118162465469,nan,-70319,75.34909496237606,0.9973771545100923,0.17007982438198144,2.516460494160824,2.1064825072299187,1.9081067124683735,0.5603262820477288
6.17497791955889,92.83682250976562,19382304,0.3050540561589466,0.009086661042913701,nan,-70319,75.34909496237606,0.9973771545100923,0.17007982438198144,2.516460494160824,2.1064825072299187,1.9081067124683735,0.5603262820477288
7.596281999562839,114.20521545410156,18220751,0.4687466077531929,0.00694384089728313,nan,-70319,75.34909496237606,0.9973771545100923,0.17007982438198144,2.516460494160824,2.1064825072299187,1.9081067124683735,0.5603262820477288
9.178713249148606,137.99605178833008,10193808,0.5603262820477288,0.0038145647031992617,nan,-70319,75.34909496237606,0.9973771545100923,0.17007982438198144,2.516460494160824,2.1064825072299187,1.9081067124683735,0.5603262820477288
10.143164007047584,152.4959487915039,10137674,0.6514016567285337,0.018244640072508932,nan,-70319,75.34909496237606,0.9973771545100923,0.17007982438198144,2.516460494160824,2.1064825072299187,1.9081067124683735,0.5603262820477288
11.49562044986594,172.82926177978516,14869820,0.7849899362427619,0.0037446193854797105,nan,-70319,75.34909496237606,0.9973771545100923,0.17007982438198144,2.516460494160824,2.1064825072299187,1.9081067124683735,0.5603262820477288
14.141584798033868,212.60963439941406,10737962,0.8814582101740646,0.0021981551497478363,nan,-70319,75.34909496237606,0.9973771545100923,0.17007982438198144,2.516460494160824,2.1064825072299187,1.9081067124683735,0.5603262820477288
17.396574421161123,261.5463104248047,6957241,0.943961041772285,0.001157731370900138,nan,-70319,75.34909496237606,0.9973771545100923,0.17007982438198144,2.516460494160824,2.1064825072299187,1.9081067124683735,0.5603262820477288
21.400770659621493,321.746826171875,3768284,0.9778147519235171,0.0005097398886501578,nan,-70319,75.34909496237606,0.9973771545100923,0.17007982438198144,2.516460494160824,2.1064825072299187,1.9081067124683735,0.5603262820477288
26.326618905713445,395.80378723144526,1927701,0.995132934659277,0.00021197227498218472,nan,-70319,75.34909496237606,0.9973771545100923,0.17007982438198144,2.516460494160824,2.1064825072299187,1.9081067124683735,0.5603262820477288
32.38625635382958,486.90653991699224,456384,0.9992330215034904,4.079474096224166e-05,nan,-70319,75.34909496237606,0.9973771545100923,0.17007982438198144,2.516460494160824,2.1064825072299187,1.9081067124683735,0.5603262820477288
39.840649396750266,598.9785461425781,85373,1.0,6.203383668343836e-06,nan,-70319,75.34909496237606,0.9973771545100923,0.17007982438198144,2.516460494160824,2.1064825072299187,1.9081067124683735,0.5603262820477288
49.01083192278463,736.8463439941406,0,1.0,0.0,nan,-70319,75.34909496237606,0.9973771545100923,0.17007982438198144,2.516460494160824,2.1064825072299187,1.9081067124683735,0.5603262820477288
60.29172964931673,906.4473876953125,0,1.0,0.0,nan,-70319,75.34909496237606,0.9973771545100923,0.17007982438198144,2.516460494160824,2.1064825072299187,1.9081067124683735,0.5603262820477288
